# Event 3667, Bank CR07
# duplicate_CR07
01 1b a3 b6 00 70 01 e9 fc 01 2a 81 0b 06 20 3c 00 00 00 00 00 05 01 08 44 00 00 00 c8 00 15 d6 
3e 00 00 01 69 1b a3 b6 00 15 d6 3e 20 32 00 2d 40 04 00 00 00 00 00 00 44 07 47 07 4a 07 49 07 
4a 07 49 07 49 07 42 07 43 07 40 07 43 07 41 07 3b 07 42 07 41 07 40 07 43 07 40 07 40 07 40 07 
45 07 41 07 48 07 43 07 44 07 3f 07 42 07 43 07 48 07 4a 07 44 07 43 07 49 07 45 07 43 07 43 07 
4a 07 47 07 47 07 44 07 46 07 43 07 45 07 43 07 47 07 44 07 44 07 46 07 47 07 47 07 49 07 4a 07 
45 07 45 07 46 07 4d 07 53 07 51 07 49 07 4a 07 4a 07 4a 07 53 07 4e 07 53 07 4c 07 4a 07 4a 07 
4c 07 4f 07 4d 07 4a 07 49 07 4a 07 49 07 45 07 49 07 46 07 46 07 44 07 49 07 42 07 42 07 41 07 
44 07 43 07 40 07 41 07 40 07 43 07 40 07 41 07 3e 07 3f 07 3d 07 40 07 42 07 42 07 44 07 42 07 
40 07 42 07 45 07 44 07 43 07 43 07 46 07 45 07 46 07 47 07 45 07 46 07 48 07 47 07 43 07 48 07 
46 07 45 07 47 07 49 07 44 07 42 07 49 07 46 07 4a 07 4a 07 46 07 43 07 45 07 45 07 48 07 46 07 
44 07 47 07 4a 07 47 07 47 07 49 07 42 07 46 07 46 07 48 07 48 07 43 07 47 07 46 07 48 07 40 07 
41 07 47 07 47 07 49 07 49 07 44 07 43 07 43 07 45 07 43 07 42 07 43 07 46 07 4e 07 48 07 40 07 
43 07 44 07 4a 07 45 07 41 07 3e 07 43 07 47 07 46 07 3f 07 40 07 44 07 48 07 44 07 49 07 46 07 
42 07 43 07 46 07 47 07 45 07 46 07 45 07 45 07 46 07 48 07 44 07 49 07 4a 07 49 07 4c 07 4a 07 
49 07 49 07 4c 07 49 07 46 07 46 07 4a 07 4a 07 4c 07 4a 07 47 07 44 07 48 07 4b 07 48 07 48 07 
49 07 4c 07 49 07 4a 07 49 07 47 07 49 07 45 07 4b 07 4c 07 44 07 47 07 49 07 49 07 49 07 47 07 
4a 07 4a 07 4b 07 4b 07 4f 07 4b 07 4d 07 4d 07 52 07 50 07 4b 07 4e 07 4d 07 50 07 4f 07 4b 07 
4a 07 4a 07 49 07 49 07 46 07 48 07 46 07 43 07 43 07 42 07 43 07 40 07 40 07 43 07 3c 07 41 07 
3d 07 42 07 3f 07 3e 07 3d 07 38 07 39 07 39 07 3c 07 39 07 3b 07 3b 07 3b 07 3a 07 3b 07 3a 07 
3a 07 3d 07 40 07 42 07 3f 07 41 07 40 07 43 07 45 07 40 07 46 07 47 07 46 07 48 07 4a 07 45 07 
4c 07 40 07 44 07 47 07 4a 07 47 07 46 07 49 07 4c 07 4d 07 4a 07 47 07 46 07 49 07 4c 07 4d 07 
4f 07 4a 07 4a 07 4c 07 4a 07 4a 07 4c 07 49 07 4d 07 50 07 49 07 43 07 4d 07 50 07 51 07 50 07 
4c 07 4f 07 4f 07 52 07 4f 07 52 07 50 07 4f 07 56 07 53 07 57 07 56 07 55 07 57 07 53 07 53 07 
55 07 58 07 52 07 53 07 55 07 54 07 52 07 58 07 51 07 52 07 52 07 4d 07 50 07 50 07 4a 07 4b 07 
4c 07 4d 07 4a 07 4c 07 39 46 d1 0f 4e 7a a4 b3 03 54 07 3b cf 53 12 e2 00 00 00 00 00 00 00 be 
44 00 40 00 00 00 15 d6 3e 00 00 01 69 1b a3 b6 00 15 d6 3e 20 32 00 2d 40 04 00 04 00 00 00 00 
07 07 0d 07 08 07 09 07 08 07 09 07 08 07 0a 07 05 07 07 07 08 07 09 07 09 07 0b 07 05 07 09 07 
08 07 04 07 08 07 09 07 09 07 08 07 04 07 06 07 04 07 03 07 05 07 0a 07 04 07 07 07 07 07 0b 07 
08 07 0b 07 0c 07 0d 07 0c 07 09 07 0b 07 0d 07 0b 07 0d 07 0c 07 0d 07 09 07 11 07 13 07 11 07 
0e 07 10 07 0d 07 11 07 0d 07 10 07 19 07 1c 07 18 07 13 07 0e 07 13 07 12 07 16 07 18 07 17 07 
13 07 13 07 0e 07 0b 07 0c 07 0c 07 0d 07 0e 07 03 07 02 07 03 07 03 07 fa 06 fb 06 fc 06 fd 06 
fb 06 ff 06 f6 06 f7 06 f9 06 fb 06 f5 06 f8 06 f7 06 f2 06 f3 06 f7 06 f2 06 f8 06 f4 06 f7 06 
f5 06 f7 06 f9 06 fb 06 f7 06 f9 06 fa 06 fc 06 00 07 fd 06 00 07 04 07 02 07 05 07 02 07 02 07 
fe 06 02 07 02 07 04 07 00 07 01 07 02 07 02 07 f7 06 ff 06 ff 06 04 07 04 07 05 07 fd 06 fc 06 
f9 06 ff 06 01 07 06 07 02 07 ff 06 00 07 01 07 f9 06 f9 06 f7 06 f5 06 f7 06 fb 06 f8 06 f8 06 
fa 06 f8 06 f2 06 f4 06 f2 06 f5 06 f8 06 fb 06 f5 06 f9 06 f5 06 fc 06 f9 06 f9 06 04 07 06 07 
07 07 06 07 01 07 04 07 08 07 0e 07 11 07 0e 07 0b 07 11 07 0e 07 0e 07 10 07 0e 07 11 07 0f 07 
12 07 0d 07 0d 07 0e 07 10 07 0e 07 10 07 12 07 0f 07 0e 07 0d 07 10 07 0d 07 13 07 0d 07 11 07 
0c 07 12 07 12 07 0e 07 09 07 0e 07 0a 07 0c 07 09 07 0d 07 0b 07 0b 07 04 07 04 07 07 07 09 07 
05 07 05 07 05 07 05 07 08 07 04 07 03 07 07 07 01 07 02 07 04 07 02 07 fe 06 ff 06 ff 06 01 07 
fd 06 fe 06 fe 06 fa 06 f9 06 fc 06 f9 06 fc 06 f9 06 f9 06 fe 06 fc 06 f9 06 ff 06 04 07 00 07 
ff 06 01 07 fe 06 ff 06 fe 06 04 07 01 07 04 07 04 07 01 07 ff 06 ff 06 fd 06 f9 06 f9 06 fc 06 
fc 06 fc 06 f9 06 f9 06 f7 06 f9 06 f7 06 f4 06 f9 06 f3 06 fa 06 f7 06 f7 06 f8 06 f7 06 f7 06 
f4 06 f7 06 f9 06 fa 06 f7 06 fa 06 fb 06 00 07 fb 06 fe 06 fb 06 fe 06 00 07 01 07 04 07 04 07 
04 07 07 07 07 07 06 07 02 07 08 07 09 07 0c 07 06 07 06 07 08 07 0b 07 09 07 08 07 04 07 01 07 
04 07 0a 07 08 07 09 07 06 07 09 07 03 07 07 07 fe 06 07 07 07 07 06 07 05 07 04 07 fd 06 06 07 
03 07 08 07 04 07 00 07 ff 06 04 07 fc 06 02 07 02 07 05 07 02 07 05 07 ff 06 08 07 08 07 07 07 
04 07 07 07 09 07 0a 07 0a 07 0c 07 09 07 10 07 0d 07 12 07 0d 07 0e 07 0b 07 0e 07 0d 07 10 07 
0e 07 10 07 0a 07 0e 07 0e 07 09 07 0a 07 0e 07 39 0f d0 d3 4f c4 a5 74 02 e0 46 ff ce f5 13 3f 
00 00 00 00 00 00 00 be 44 00 80 00 00 00 15 d6 3e 00 00 01 69 1b a3 b6 00 15 d6 3e 20 32 00 2d 
40 04 00 08 00 00 00 00 46 07 44 07 45 07 41 07 45 07 41 07 44 07 41 07 45 07 41 07 46 07 41 07 
46 07 44 07 45 07 46 07 46 07 44 07 48 07 41 07 48 07 49 07 49 07 47 07 47 07 3f 07 46 07 41 07 
44 07 47 07 45 07 3c 07 3f 07 3a 07 43 07 40 07 3f 07 3a 07 3a 07 3b 07 3e 07 3a 07 3a 07 35 07 
35 07 39 07 3f 07 3a 07 3e 07 3a 07 39 07 39 07 3c 07 3a 07 41 07 43 07 46 07 3f 07 3c 07 35 07 
3f 07 3f 07 44 07 41 07 45 07 3e 07 41 07 3e 07 3f 07 43 07 43 07 40 07 41 07 40 07 3e 07 3f 07 
42 07 3d 07 40 07 3d 07 43 07 3d 07 44 07 3c 07 41 07 41 07 45 07 3e 07 3e 07 3f 07 40 07 3e 07 
40 07 3e 07 41 07 3d 07 3f 07 3c 07 3c 07 39 07 3b 07 3d 07 3b 07 3c 07 3e 07 3d 07 3d 07 38 07 
3a 07 38 07 3c 07 3c 07 39 07 36 07 3a 07 3e 07 37 07 3e 07 3d 07 3b 07 3c 07 34 07 3a 07 3d 07 
41 07 3f 07 3e 07 3d 07 3f 07 3a 07 3d 07 3a 07 3d 07 3d 07 3d 07 3c 07 43 07 3c 07 3d 07 3a 07 
3d 07 3a 07 44 07 3c 07 41 07 3a 07 3c 07 3a 07 39 07 3b 07 40 07 41 07 3d 07 3a 07 3d 07 3a 07 
40 07 3a 07 3d 07 3d 07 42 07 3e 07 41 07 38 07 43 07 41 07 49 07 45 07 3d 07 45 07 48 07 49 07 
47 07 47 07 4a 07 48 07 49 07 47 07 48 07 49 07 4d 07 4b 07 4a 07 47 07 4c 07 47 07 4a 07 45 07 
49 07 49 07 49 07 49 07 46 07 46 07 4c 07 4b 07 49 07 43 07 45 07 42 07 4a 07 46 07 47 07 44 07 
48 07 43 07 43 07 42 07 45 07 42 07 43 07 44 07 44 07 40 07 45 07 42 07 42 07 41 07 43 07 3c 07 
41 07 3e 07 41 07 3b 07 3c 07 3a 07 3e 07 35 07 3c 07 3a 07 3e 07 3b 07 3c 07 37 07 39 07 3c 07 
3c 07 40 07 3a 07 3d 07 43 07 3d 07 3d 07 3c 07 3f 07 41 07 41 07 41 07 41 07 42 07 43 07 41 07 
42 07 40 07 42 07 40 07 40 07 3e 07 44 07 40 07 41 07 43 07 44 07 3d 07 3c 07 38 07 41 07 3e 07 
41 07 3d 07 3f 07 3a 07 3d 07 3d 07 3c 07 3a 07 3b 07 38 07 37 07 3a 07 3d 07 37 07 3a 07 30 07 
34 07 32 07 39 07 34 07 35 07 36 07 38 07 35 07 38 07 35 07 37 07 34 07 3c 07 3a 07 3c 07 3a 07 
3f 07 3d 07 3e 07 35 07 39 07 3c 07 44 07 41 07 3e 07 3d 07 45 07 40 07 41 07 3b 07 45 07 42 07 
41 07 3e 07 3f 07 3f 07 3e 07 3e 07 44 07 3e 07 3d 07 3d 07 40 07 3f 07 3f 07 3c 07 3f 07 3d 07 
3d 07 3b 07 41 07 41 07 40 07 3c 07 3c 07 40 07 44 07 40 07 42 07 3d 07 43 07 43 07 47 07 45 07 
43 07 43 07 4a 07 46 07 46 07 48 07 47 07 47 07 45 07 47 07 49 07 47 07 39 2a d1 0d 4e 13 a4 a7 
03 37 87 41 cf 32 12 ee 00 00 00 00 00 00 00 be 44 00 c0 00 00 00 15 d6 3e 00 00 01 69 1b a3 b6 
00 15 d6 3e 20 32 00 2d 40 04 00 0c 00 00 00 00 40 07 3d 07 42 07 3b 07 42 07 3b 07 3f 07 3d 07 
40 07 3a 07 3d 07 3c 07 3c 07 3e 07 3f 07 3d 07 44 07 3d 07 3d 07 3c 07 42 07 41 07 41 07 3e 07 
3b 07 3b 07 41 07 41 07 41 07 3c 07 3e 07 40 07 43 07 3c 07 41 07 41 07 43 07 40 07 44 07 42 07 
44 07 44 07 46 07 47 07 48 07 44 07 4c 07 4b 07 4d 07 49 07 4c 07 48 07 4c 07 4b 07 52 07 52 07 
56 07 50 07 4a 07 49 07 50 07 50 07 57 07 54 07 58 07 49 07 4d 07 4d 07 54 07 4e 07 54 07 51 07 
50 07 48 07 4f 07 4a 07 4d 07 4e 07 52 07 49 07 4b 07 48 07 4b 07 48 07 48 07 46 07 49 07 44 07 
49 07 41 07 44 07 44 07 44 07 40 07 41 07 3d 07 43 07 46 07 46 07 41 07 42 07 40 07 45 07 3f 07 
3f 07 3f 07 3d 07 3e 07 40 07 3f 07 41 07 3e 07 40 07 3e 07 45 07 3b 07 45 07 41 07 47 07 41 07 
42 07 41 07 48 07 45 07 46 07 42 07 42 07 3f 07 45 07 3f 07 40 07 3e 07 44 07 40 07 46 07 40 07 
40 07 3e 07 3d 07 40 07 3c 07 3c 07 41 07 3e 07 43 07 3b 07 3a 07 3b 07 37 07 3c 07 3d 07 41 07 
40 07 3c 07 45 07 3f 07 41 07 41 07 49 07 44 07 4a 07 45 07 3f 07 41 07 48 07 49 07 4d 07 49 07 
46 07 44 07 42 07 48 07 47 07 3d 07 47 07 42 07 45 07 44 07 43 07 42 07 41 07 3e 07 43 07 3e 07 
43 07 3e 07 43 07 42 07 44 07 3c 07 40 07 3a 07 41 07 41 07 45 07 41 07 44 07 3d 07 43 07 41 07 
41 07 41 07 48 07 42 07 43 07 3e 07 46 07 41 07 46 07 44 07 43 07 41 07 47 07 40 07 41 07 42 07 
43 07 40 07 46 07 42 07 41 07 3e 07 41 07 42 07 45 07 3f 07 44 07 41 07 46 07 42 07 46 07 45 07 
46 07 45 07 49 07 48 07 48 07 44 07 49 07 48 07 49 07 48 07 48 07 46 07 4a 07 48 07 4b 07 49 07 
4b 07 49 07 48 07 46 07 46 07 44 07 43 07 40 07 3f 07 40 07 3f 07 3d 07 3c 07 3d 07 40 07 3c 07 
38 07 36 07 3a 07 38 07 3c 07 38 07 3b 07 38 07 3f 07 3e 07 41 07 3c 07 45 07 42 07 44 07 46 07 
46 07 47 07 46 07 44 07 48 07 4c 07 4c 07 49 07 4c 07 4c 07 4f 07 4a 07 4f 07 4e 07 4b 07 4c 07 
4c 07 4a 07 4b 07 47 07 48 07 42 07 48 07 3f 07 41 07 3f 07 45 07 42 07 44 07 3b 07 3e 07 3c 07 
3d 07 42 07 41 07 3e 07 41 07 3a 07 3d 07 3a 07 3f 07 3c 07 45 07 3c 07 3f 07 3c 07 3e 07 3f 07 
42 07 41 07 41 07 40 07 45 07 3e 07 44 07 41 07 43 07 41 07 43 07 40 07 46 07 40 07 43 07 41 07 
41 07 3e 07 46 07 43 07 47 07 42 07 44 07 45 07 48 07 42 07 46 07 43 07 46 07 3e 07 47 07 44 07 
39 28 d1 79 4e 71 a4 b1 03 5b c7 40 cf 25 12 9d 00 00 00 00 00 00 00 be 44 01 00 00 00 00 15 d6 
3e 00 00 01 69 1b a3 b6 00 15 d6 3e 20 32 00 2d 40 04 00 10 00 00 00 00 e3 06 e1 06 e2 06 dd 06 
e2 06 dd 06 e0 06 de 06 e3 06 de 06 e3 06 db 06 e5 06 e2 06 e6 06 e2 06 e4 06 e0 06 e4 06 e1 06 
e5 06 e1 06 e5 06 e1 06 e4 06 e1 06 e2 06 e0 06 e1 06 dc 06 e5 06 df 06 e2 06 dc 06 e3 06 de 06 
e3 06 de 06 e3 06 e0 06 e3 06 e1 06 e5 06 de 06 e2 06 dd 06 e2 06 de 06 e6 06 db 06 e1 06 e1 06 
e3 06 de 06 e2 06 db 06 e1 06 de 06 e3 06 de 06 e5 06 df 06 e6 06 dc 06 e3 06 e1 06 e6 06 df 06 
e3 06 dc 06 e1 06 df 06 e0 06 de 06 e3 06 de 06 e1 06 e0 06 e5 06 dd 06 e3 06 e0 06 e4 06 de 06 
e4 06 e2 06 e5 06 da 06 e6 06 de 06 e3 06 dd 06 e3 06 dc 06 e3 06 de 06 e3 06 de 06 e3 06 de 06 
e4 06 de 06 e2 06 dd 06 e3 06 de 06 e5 06 df 06 e0 06 de 06 e1 06 df 06 e5 06 de 06 e4 06 de 06 
e1 06 e0 06 e1 06 da 06 e3 06 dc 06 e2 06 df 06 e2 06 de 06 e2 06 df 06 e5 06 da 06 e1 06 df 06 
e3 06 e2 06 e1 06 df 06 e4 06 de 06 e1 06 de 06 e4 06 de 06 e4 06 df 06 e3 06 df 06 e0 06 df 06 
e3 06 de 06 e0 06 dd 06 e6 06 dc 06 e3 06 db 06 e1 06 de 06 e4 06 db 06 e2 06 dd 06 e0 06 e0 06 
e1 06 df 06 e3 06 e0 06 e5 06 de 06 e3 06 de 06 e5 06 de 06 e5 06 dc 06 e1 06 df 06 e5 06 dc 06 
e1 06 de 06 e4 06 e0 06 e4 06 db 06 e0 06 de 06 e5 06 dc 06 e3 06 db 06 e3 06 df 06 de 06 dd 06 
e3 06 df 06 e2 06 dd 06 e4 06 de 06 e3 06 de 06 e6 06 e0 06 e4 06 dc 06 e7 06 dc 06 e1 06 de 06 
df 06 de 06 e2 06 e0 06 e5 06 de 06 e4 06 de 06 e2 06 dc 06 e2 06 dd 06 e3 06 de 06 e3 06 de 06 
e5 06 df 06 e3 06 db 06 e2 06 e0 06 e2 06 de 06 e3 06 df 06 e5 06 de 06 e3 06 e1 06 e2 06 e0 06 
e2 06 dc 06 e1 06 dd 06 e4 06 dc 06 e1 06 de 06 e3 06 df 06 e2 06 de 06 e3 06 de 06 e5 06 df 06 
e1 06 dd 06 e5 06 db 06 e3 06 dd 06 e3 06 df 06 e5 06 df 06 e1 06 df 06 e3 06 db 06 e4 06 de 06 
e6 06 e1 06 e2 06 de 06 e2 06 de 06 e5 06 db 06 e4 06 df 06 e3 06 e0 06 e3 06 dd 06 df 06 de 06 
e1 06 df 06 e3 06 de 06 e4 06 dc 06 e2 06 e0 06 e4 06 db 06 e6 06 df 06 e3 06 de 06 e2 06 de 06 
e3 06 de 06 e3 06 de 06 e1 06 e1 06 e4 06 de 06 e0 06 e1 06 e4 06 e0 06 e1 06 db 06 e1 06 e4 06 
e1 06 e4 06 e4 06 de 06 e0 06 df 06 e3 06 e1 06 e6 06 dd 06 e3 06 dc 06 e5 06 de 06 e3 06 de 06 
e3 06 de 06 e4 06 de 06 e3 06 e1 06 e4 06 e2 06 e3 06 de 06 df 06 de 06 e4 06 dd 06 e2 06 de 06 
e2 06 df 06 e3 06 de 06 38 f7 d0 da 4f f2 a5 7f 02 dd 06 ca ce dc 13 0f 00 00 00 00 00 00 00 be 
f1 f7 ce 69 b6 00 01 e9 02 1b a3 b6 00 70 01 e9 fc 01 2a 81 0b 06 20 f7 00 00 00 00 00 05 01 08 
44 00 00 00 c8 00 15 d6 3e 00 00 01 69 1b a3 b6 00 15 d6 3e 20 32 00 2d 40 04 00 00 00 00 00 00 
66 07 63 07 69 07 65 07 69 07 65 07 64 07 67 07 68 07 69 07 69 07 69 07 68 07 69 07 66 07 64 07 
65 07 66 07 65 07 67 07 62 07 66 07 64 07 62 07 63 07 64 07 5d 07 65 07 67 07 65 07 63 07 5b 07 
5e 07 62 07 63 07 5f 07 62 07 61 07 63 07 60 07 63 07 5f 07 62 07 61 07 60 07 62 07 5c 07 61 07 
60 07 66 07 65 07 60 07 62 07 62 07 6f 07 6d 07 66 07 5c 07 5f 07 62 07 68 07 69 07 67 07 67 07 
64 07 5b 07 5c 07 5a 07 5c 07 63 07 61 07 5e 07 5c 07 57 07 57 07 58 07 5b 07 5b 07 5c 07 59 07 
5b 07 5a 07 5b 07 58 07 5e 07 5b 07 5a 07 5b 07 63 07 5a 07 5c 07 59 07 5c 07 5d 07 60 07 5a 07 
5c 07 5b 07 59 07 59 07 58 07 59 07 5d 07 5c 07 5b 07 58 07 5a 07 58 07 59 07 5d 07 59 07 5b 07 
59 07 57 07 5c 07 5e 07 5c 07 57 07 57 07 57 07 55 07 5c 07 60 07 59 07 59 07 57 07 55 07 59 07 
5c 07 58 07 5c 07 5a 07 5c 07 57 07 5a 07 55 07 56 07 55 07 55 07 59 07 57 07 50 07 53 07 56 07 
55 07 53 07 50 07 51 07 5c 07 5d 07 62 07 5c 07 5c 07 5d 07 5e 07 62 07 5f 07 62 07 6a 07 6f 07 
6c 07 62 07 60 07 6a 07 77 07 73 07 71 07 68 07 70 07 75 07 71 07 6a 07 6c 07 70 07 70 07 74 07 
6c 07 69 07 6a 07 6e 07 68 07 68 07 66 07 67 07 67 07 65 07 66 07 63 07 5e 07 5f 07 5e 07 5d 07 
61 07 5a 07 5b 07 5b 07 58 07 54 07 58 07 54 07 53 07 57 07 5c 07 55 07 54 07 51 07 53 07 57 07 
58 07 52 07 55 07 55 07 56 07 58 07 56 07 52 07 57 07 58 07 57 07 56 07 58 07 51 07 57 07 5b 07 
5b 07 54 07 53 07 57 07 5b 07 5c 07 59 07 57 07 59 07 57 07 5e 07 5b 07 5d 07 62 07 60 07 62 07 
5e 07 5d 07 61 07 61 07 5e 07 62 07 66 07 62 07 5f 07 5e 07 5f 07 60 07 61 07 60 07 5b 07 5b 07 
60 07 5c 07 5a 07 59 07 58 07 55 07 58 07 51 07 56 07 56 07 55 07 55 07 56 07 51 07 55 07 50 07 
51 07 51 07 53 07 55 07 54 07 54 07 5a 07 56 07 54 07 54 07 50 07 57 07 58 07 5c 07 5c 07 59 07 
5b 07 5f 07 5c 07 54 07 51 07 57 07 5f 07 60 07 5b 07 59 07 5c 07 5f 07 5c 07 57 07 52 07 57 07 
5d 07 5e 07 5c 07 5d 07 5e 07 5b 07 58 07 5d 07 5e 07 5e 07 65 07 60 07 5c 07 59 07 5c 07 66 07 
69 07 66 07 63 07 60 07 66 07 63 07 65 07 64 07 66 07 65 07 69 07 64 07 65 07 66 07 6b 07 67 07 
66 07 68 07 68 07 6b 07 68 07 64 07 64 07 67 07 6d 07 65 07 65 07 60 07 65 07 5f 07 62 07 61 07 
65 07 5c 07 5f 07 61 07 5d 07 63 07 60 07 5c 07 39 49 d1 4e 4e 66 a4 d8 03 71 07 6f cf 52 12 9b 
00 00 00 00 00 00 00 be 44 00 40 00 00 00 15 d6 3e 00 00 01 69 1b a3 b6 00 15 d6 3e 20 32 00 2d 
40 04 00 04 00 00 00 00 25 07 27 07 22 07 1a 07 22 07 1a 07 20 07 1d 07 23 07 1e 07 22 07 1d 07 
25 07 21 07 27 07 26 07 29 07 25 07 2b 07 29 07 2e 07 2c 07 2a 07 27 07 2c 07 29 07 2c 07 29 07 
2c 07 2b 07 2b 07 2c 07 2d 07 28 07 30 07 2b 07 31 07 29 07 2c 07 29 07 2c 07 2b 07 2e 07 29 07 
2f 07 2d 07 2f 07 2a 07 22 07 2d 07 29 07 2b 07 27 07 27 07 2b 07 29 07 2a 07 21 07 28 07 26 07 
2e 07 2c 07 27 07 1d 07 21 07 1f 07 26 07 20 07 24 07 1f 07 20 07 1b 07 1b 07 18 07 1b 07 18 07 
1e 07 1e 07 1a 07 1b 07 1b 07 19 07 20 07 1d 07 24 07 1b 07 20 07 1d 07 1f 07 1a 07 24 07 1f 07 
24 07 1d 07 20 07 1f 07 21 07 1d 07 23 07 20 07 24 07 21 07 24 07 26 07 27 07 21 07 29 07 23 07 
27 07 21 07 28 07 21 07 27 07 20 07 29 07 27 07 29 07 27 07 27 07 26 07 27 07 26 07 28 07 26 07 
2a 07 25 07 28 07 29 07 2c 07 25 07 23 07 26 07 27 07 24 07 25 07 20 07 22 07 1e 07 22 07 22 07 
24 07 1c 07 1f 07 1c 07 20 07 1e 07 1d 07 15 07 1c 07 1e 07 1e 07 19 07 18 07 1b 07 22 07 21 07 
28 07 1c 07 1d 07 1d 07 26 07 20 07 1c 07 14 07 21 07 21 07 22 07 1a 07 18 07 1f 07 23 07 1e 07 
1b 07 17 07 1d 07 1d 07 22 07 15 07 1a 07 1e 07 24 07 21 07 24 07 20 07 22 07 22 07 27 07 24 07 
27 07 26 07 26 07 24 07 2b 07 26 07 25 07 28 07 27 07 26 07 25 07 26 07 25 07 23 07 27 07 24 07 
25 07 1e 07 27 07 24 07 29 07 24 07 21 07 1f 07 21 07 1d 07 21 07 1d 07 1f 07 1c 07 22 07 1e 07 
1f 07 16 07 1e 07 1b 07 24 07 1e 07 1d 07 16 07 1f 07 20 07 1f 07 1c 07 1b 07 20 07 22 07 1f 07 
25 07 19 07 1e 07 1a 07 22 07 20 07 21 07 1a 07 21 07 1f 07 23 07 1e 07 1f 07 1b 07 1e 07 1b 07 
20 07 19 07 1f 07 1a 07 1b 07 19 07 1e 07 19 07 1b 07 14 07 18 07 19 07 19 07 19 07 1b 07 17 07 
1d 07 16 07 18 07 17 07 1f 07 20 07 1d 07 1d 07 1d 07 18 07 1d 07 1d 07 1e 07 1c 07 1e 07 1d 07 
22 07 23 07 20 07 1c 07 1a 07 18 07 22 07 20 07 20 07 1d 07 22 07 26 07 24 07 1c 07 1d 07 1d 07 
23 07 1d 07 1f 07 1a 07 22 07 21 07 27 07 1c 07 1b 07 14 07 1a 07 18 07 1e 07 19 07 1d 07 1d 07 
1d 07 1b 07 1e 07 1f 07 22 07 1f 07 20 07 1a 07 1d 07 1d 07 27 07 23 07 20 07 1a 07 1f 07 1c 07 
1e 07 1d 07 22 07 20 07 24 07 20 07 21 07 21 07 23 07 21 07 23 07 20 07 24 07 23 07 25 07 1e 07 
26 07 20 07 27 07 25 07 25 07 1e 07 23 07 20 07 27 07 20 07 24 07 24 07 39 0b d1 33 4e 3b a4 bd 
03 22 47 11 cf 26 12 ea 00 00 00 00 00 00 00 be 44 00 80 00 00 00 15 d6 3e 00 00 01 69 1b a3 b6 
00 15 d6 3e 20 32 00 2d 40 04 00 08 00 00 00 00 32 07 32 07 32 07 36 07 32 07 36 07 31 07 31 07 
2e 07 30 07 2f 07 31 07 32 07 32 07 34 07 34 07 34 07 31 07 34 07 38 07 37 07 38 07 38 07 37 07 
3c 07 3b 07 39 07 3e 07 38 07 3c 07 41 07 3e 07 38 07 38 07 39 07 3e 07 3c 07 3d 07 38 07 40 07 
34 07 38 07 32 07 38 07 35 07 3c 07 35 07 35 07 33 07 35 07 2f 07 34 07 33 07 37 07 37 07 3a 07 
37 07 39 07 30 07 2d 07 2e 07 38 07 3c 07 3d 07 37 07 35 07 2d 07 2d 07 2f 07 35 07 31 07 31 07 
2e 07 2e 07 2b 07 2c 07 2a 07 2f 07 2c 07 2c 07 27 07 2a 07 29 07 2c 07 27 07 2e 07 29 07 28 07 
29 07 2f 07 2d 07 2f 07 2c 07 2f 07 29 07 2e 07 2c 07 2f 07 2c 07 2e 07 2c 07 2a 07 2a 07 29 07 
2b 07 2a 07 27 07 26 07 23 07 27 07 23 07 1f 07 1e 07 22 07 24 07 21 07 21 07 23 07 22 07 22 07 
23 07 22 07 23 07 27 07 2b 07 2b 07 2a 07 23 07 25 07 30 07 2b 07 32 07 2f 07 33 07 31 07 39 07 
32 07 35 07 38 07 38 07 39 07 3d 07 3c 07 40 07 3a 07 3b 07 3b 07 3d 07 39 07 40 07 41 07 41 07 
43 07 41 07 36 07 38 07 3e 07 41 07 3c 07 3d 07 36 07 3d 07 3d 07 39 07 38 07 37 07 3a 07 3e 07 
3d 07 38 07 35 07 3a 07 42 07 3d 07 38 07 38 07 34 07 38 07 39 07 3c 07 3c 07 3b 07 38 07 3a 07 
38 07 3b 07 3a 07 37 07 33 07 36 07 34 07 35 07 34 07 34 07 2f 07 32 07 2c 07 2f 07 29 07 2f 07 
30 07 2d 07 2c 07 2a 07 2a 07 30 07 2b 07 2a 07 29 07 33 07 32 07 2f 07 29 07 2c 07 2c 07 2c 07 
2e 07 2e 07 29 07 2a 07 27 07 2a 07 27 07 29 07 24 07 28 07 29 07 2a 07 26 07 25 07 2a 07 29 07 
28 07 2a 07 27 07 1d 07 26 07 2d 07 27 07 2d 07 2e 07 29 07 2b 07 2e 07 2a 07 2e 07 29 07 28 07 
2c 07 34 07 34 07 30 07 2c 07 2a 07 2b 07 30 07 2a 07 2a 07 29 07 28 07 2a 07 29 07 27 07 26 07 
24 07 26 07 25 07 29 07 25 07 28 07 27 07 24 07 21 07 23 07 25 07 23 07 24 07 28 07 24 07 29 07 
26 07 28 07 29 07 28 07 2a 07 29 07 27 07 2a 07 2e 07 31 07 2e 07 30 07 2a 07 2a 07 25 07 27 07 
29 07 31 07 32 07 30 07 28 07 29 07 26 07 2e 07 26 07 28 07 28 07 31 07 2a 07 2b 07 26 07 2a 07 
2a 07 2e 07 25 07 2c 07 29 07 2d 07 27 07 2a 07 27 07 30 07 2c 07 34 07 30 07 30 07 2b 07 37 07 
37 07 35 07 33 07 35 07 38 07 3b 07 37 07 3c 07 3d 07 3d 07 3a 07 40 07 3f 07 44 07 42 07 41 07 
3e 07 44 07 44 07 47 07 43 07 44 07 42 07 43 07 42 07 46 07 45 07 42 07 3d 07 3b 07 3d 07 41 07 
39 67 d1 1c 4e 6f a4 9d 03 06 87 36 cf 38 12 e5 00 00 00 00 00 00 00 be 44 00 c0 00 00 00 15 d6 
3e 00 00 01 69 1b a3 b6 00 15 d6 3e 20 32 00 2d 40 04 00 0c 00 00 00 00 33 07 33 07 37 07 36 07 
37 07 36 07 37 07 37 07 39 07 36 07 3b 07 3b 07 3b 07 3c 07 39 07 38 07 39 07 3b 07 3a 07 3e 07 
3d 07 38 07 3a 07 37 07 3a 07 3a 07 3e 07 3a 07 3c 07 3a 07 3c 07 3d 07 3f 07 39 07 3c 07 3d 07 
3b 07 36 07 3e 07 3e 07 3d 07 39 07 35 07 36 07 3b 07 37 07 38 07 36 07 36 07 34 07 34 07 32 07 
36 07 37 07 39 07 39 07 37 07 2e 07 34 07 33 07 3e 07 3c 07 3b 07 3a 07 37 07 2f 07 32 07 37 07 
3b 07 38 07 3b 07 34 07 33 07 31 07 35 07 32 07 35 07 33 07 35 07 34 07 34 07 2d 07 31 07 31 07 
36 07 30 07 36 07 31 07 33 07 2f 07 34 07 35 07 33 07 32 07 33 07 33 07 38 07 33 07 37 07 36 07 
37 07 36 07 38 07 38 07 3b 07 34 07 39 07 39 07 39 07 39 07 38 07 34 07 37 07 34 07 38 07 37 07 
37 07 34 07 36 07 30 07 33 07 36 07 37 07 3a 07 36 07 33 07 2e 07 33 07 3a 07 34 07 34 07 36 07 
33 07 31 07 35 07 34 07 39 07 33 07 35 07 37 07 3e 07 38 07 3e 07 3c 07 3e 07 39 07 3b 07 36 07 
3f 07 40 07 41 07 3e 07 44 07 3a 07 3d 07 41 07 40 07 3e 07 3f 07 44 07 42 07 3d 07 3a 07 3b 07 
45 07 3f 07 3c 07 3d 07 3a 07 3a 07 44 07 3d 07 3c 07 3d 07 3e 07 3a 07 3d 07 39 07 40 07 35 07 
37 07 37 07 39 07 39 07 3f 07 33 07 35 07 33 07 3a 07 32 07 33 07 33 07 34 07 31 07 35 07 30 07 
2d 07 2d 07 32 07 33 07 32 07 30 07 2e 07 32 07 32 07 2f 07 37 07 33 07 37 07 37 07 37 07 37 07 
36 07 36 07 39 07 3b 07 39 07 34 07 36 07 35 07 39 07 37 07 39 07 34 07 37 07 30 07 31 07 36 07 
30 07 33 07 36 07 34 07 33 07 31 07 35 07 34 07 3a 07 34 07 37 07 36 07 33 07 35 07 35 07 34 07 
39 07 38 07 3a 07 38 07 3c 07 39 07 3a 07 3c 07 3a 07 3c 07 3a 07 37 07 3c 07 39 07 39 07 34 07 
3a 07 3b 07 38 07 34 07 33 07 34 07 35 07 34 07 33 07 30 07 2e 07 2e 07 31 07 2f 07 2f 07 2f 07 
2c 07 2b 07 34 07 33 07 38 07 33 07 33 07 31 07 3a 07 34 07 3a 07 38 07 3f 07 3b 07 41 07 39 07 
38 07 38 07 40 07 3e 07 3e 07 3e 07 41 07 42 07 43 07 3b 07 3d 07 3f 07 45 07 44 07 44 07 43 07 
40 07 3d 07 3c 07 3f 07 3f 07 3c 07 3e 07 35 07 3a 07 35 07 39 07 37 07 3e 07 33 07 37 07 33 07 
31 07 2e 07 32 07 30 07 2f 07 2d 07 2f 07 2c 07 30 07 29 07 2e 07 2c 07 2f 07 2e 07 33 07 32 07 
36 07 30 07 32 07 34 07 35 07 37 07 37 07 36 07 34 07 34 07 38 07 34 07 39 07 31 07 36 07 33 07 
37 07 2f 07 34 07 34 07 39 52 d1 60 4e 72 a4 da 03 4a c7 28 cf 40 12 e2 00 00 00 00 00 00 00 be 
44 01 00 00 00 00 15 d6 3e 00 00 01 69 1b a3 b6 00 15 d6 3e 20 32 00 2d 40 04 00 10 00 00 00 00 
48 07 43 07 4f 07 4e 07 4f 07 4e 07 4f 07 4f 07 53 07 50 07 53 07 4e 07 51 07 51 07 54 07 50 07 
52 07 4f 07 53 07 4e 07 55 07 50 07 54 07 4d 07 53 07 4c 07 4f 07 4f 07 51 07 50 07 52 07 4a 07 
51 07 4c 07 50 07 4d 07 4c 07 46 07 4a 07 47 07 50 07 4c 07 4c 07 49 07 47 07 48 07 4e 07 4a 07 
4f 07 4c 07 4e 07 48 07 49 07 48 07 4f 07 4e 07 4f 07 49 07 49 07 4d 07 55 07 54 07 57 07 50 07 
53 07 52 07 56 07 54 07 57 07 54 07 56 07 4f 07 53 07 52 07 56 07 54 07 55 07 4e 07 53 07 50 07 
57 07 50 07 52 07 4f 07 52 07 4d 07 54 07 4e 07 4e 07 4b 07 52 07 4e 07 4c 07 50 07 4e 07 4b 07 
4b 07 47 07 4d 07 4c 07 4e 07 46 07 4b 07 45 07 48 07 48 07 49 07 43 07 47 07 43 07 4a 07 41 07 
46 07 43 07 44 07 48 07 45 07 3e 07 47 07 43 07 4a 07 43 07 47 07 46 07 49 07 4a 07 4c 07 4d 07 
51 07 4b 07 50 07 48 07 4b 07 4c 07 54 07 54 07 52 07 4e 07 4e 07 4d 07 4e 07 4c 07 4f 07 4e 07 
4d 07 48 07 4a 07 43 07 4b 07 48 07 49 07 3f 07 46 07 41 07 43 07 44 07 43 07 3e 07 44 07 43 07 
4a 07 3e 07 3f 07 3e 07 49 07 4b 07 49 07 40 07 48 07 4b 07 53 07 4b 07 4e 07 4b 07 4f 07 4d 07 
4f 07 49 07 53 07 4f 07 50 07 4a 07 4c 07 4e 07 54 07 4e 07 51 07 4c 07 53 07 52 07 50 07 4d 07 
4a 07 4a 07 52 07 50 07 52 07 4b 07 4c 07 4a 07 4e 07 49 07 4d 07 4b 07 4d 07 48 07 4b 07 49 07 
4b 07 45 07 48 07 47 07 4b 07 46 07 4b 07 45 07 4c 07 44 07 4a 07 45 07 4a 07 44 07 4a 07 49 07 
4a 07 46 07 47 07 48 07 49 07 44 07 48 07 42 07 45 07 45 07 4a 07 45 07 48 07 43 07 47 07 45 07 
48 07 45 07 46 07 47 07 4b 07 45 07 47 07 45 07 50 07 45 07 49 07 45 07 47 07 46 07 4b 07 47 07 
46 07 43 07 4a 07 47 07 4a 07 47 07 4d 07 45 07 49 07 43 07 49 07 47 07 4a 07 43 07 47 07 45 07 
49 07 4a 07 4b 07 47 07 46 07 46 07 4a 07 4c 07 4f 07 48 07 49 07 43 07 4a 07 4a 07 4c 07 47 07 
4a 07 46 07 49 07 46 07 4a 07 48 07 4f 07 4c 07 49 07 40 07 47 07 4a 07 52 07 4c 07 49 07 43 07 
48 07 4a 07 4d 07 4c 07 4d 07 48 07 48 07 48 07 4a 07 4a 07 53 07 4a 07 4e 07 44 07 49 07 4b 07 
53 07 49 07 4a 07 44 07 49 07 4c 07 4e 07 4a 07 4d 07 4a 07 4c 07 48 07 4d 07 51 07 51 07 4b 07 
4d 07 4a 07 4d 07 4f 07 52 07 4d 07 4c 07 4e 07 53 07 52 07 53 07 4e 07 4d 07 4d 07 52 07 4f 07 
4f 07 49 07 4e 07 4a 07 50 07 4c 07 4f 07 4c 07 39 3e d1 02 4e 01 a4 d4 03 37 07 48 cf 41 12 84 
00 00 00 00 00 00 00 be 4d a3 cc a2 b6 00 01 e9 03 1b a3 b6 00 70 01 88 bc 01 2a 81 0b 06 20 f6 
00 00 00 00 00 05 01 08 44 00 00 00 c8 00 15 d6 3e 00 00 01 69 1b a3 b6 00 15 d6 3e 20 32 00 2d 
40 04 00 00 00 00 00 00 31 07 33 07 31 07 37 07 31 07 37 07 36 07 3d 07 38 07 37 07 36 07 3e 07 
3c 07 3d 07 3b 07 3b 07 3b 07 3c 07 37 07 3f 07 3b 07 3b 07 3b 07 3b 07 35 07 3d 07 37 07 36 07 
38 07 35 07 36 07 31 07 33 07 37 07 34 07 38 07 33 07 35 07 31 07 36 07 35 07 35 07 33 07 36 07 
35 07 35 07 32 07 33 07 33 07 3b 07 39 07 3b 07 34 07 3b 07 35 07 35 07 32 07 35 07 36 07 3d 07 
39 07 37 07 38 07 33 07 31 07 32 07 31 07 35 07 33 07 33 07 2f 07 31 07 2c 07 30 07 2c 07 31 07 
29 07 2f 07 30 07 2c 07 27 07 2b 07 2c 07 2b 07 2a 07 2b 07 27 07 29 07 27 07 27 07 28 07 2c 07 
26 07 28 07 25 07 29 07 25 07 2b 07 29 07 29 07 27 07 2c 07 27 07 2a 07 28 07 27 07 28 07 2d 07 
28 07 2e 07 28 07 2c 07 2a 07 2d 07 2b 07 2f 07 2a 07 32 07 2f 07 31 07 33 07 38 07 31 07 33 07 
2f 07 35 07 32 07 37 07 37 07 38 07 39 07 39 07 33 07 36 07 37 07 36 07 36 07 35 07 32 07 37 07 
31 07 35 07 30 07 34 07 32 07 33 07 30 07 32 07 33 07 34 07 2c 07 2d 07 29 07 2e 07 2c 07 30 07 
2b 07 2c 07 27 07 2b 07 23 07 28 07 28 07 2d 07 2b 07 2b 07 28 07 2d 07 2d 07 33 07 29 07 2d 07 
2f 07 35 07 2f 07 35 07 2e 07 34 07 36 07 37 07 31 07 3a 07 37 07 39 07 33 07 33 07 33 07 37 07 
37 07 35 07 32 07 35 07 33 07 35 07 2f 07 2e 07 32 07 31 07 2f 07 30 07 31 07 2f 07 2f 07 2f 07 
2e 07 2e 07 2c 07 33 07 2c 07 2d 07 2c 07 2f 07 2f 07 2d 07 2c 07 2d 07 2b 07 2f 07 31 07 2b 07 
2b 07 2c 07 30 07 2d 07 2d 07 2d 07 2e 07 31 07 33 07 32 07 30 07 31 07 2d 07 2f 07 31 07 37 07 
34 07 35 07 33 07 37 07 36 07 3b 07 3b 07 38 07 3b 07 3b 07 3a 07 3e 07 3b 07 3e 07 30 07 3b 07 
37 07 39 07 2d 07 2a 07 35 07 35 07 2b 07 2b 07 27 07 2f 07 29 07 24 07 25 07 2a 07 27 07 29 07 
21 07 25 07 26 07 2a 07 23 07 24 07 25 07 2d 07 25 07 25 07 26 07 2d 07 25 07 2c 07 27 07 2f 07 
2f 07 32 07 2b 07 30 07 2f 07 31 07 30 07 34 07 33 07 39 07 3a 07 3c 07 37 07 3b 07 39 07 36 07 
33 07 35 07 38 07 3d 07 3b 07 35 07 35 07 36 07 36 07 35 07 33 07 37 07 33 07 36 07 31 07 37 07 
36 07 36 07 32 07 35 07 34 07 35 07 35 07 37 07 33 07 34 07 34 07 3b 07 32 07 31 07 32 07 33 07 
32 07 33 07 33 07 31 07 32 07 33 07 36 07 34 07 36 07 31 07 32 07 39 07 36 07 32 07 33 07 36 07 
38 07 37 07 35 07 36 07 34 07 38 07 31 07 35 07 32 07 36 07 34 07 31 07 39 3a d1 18 4e 07 a4 a3 
03 33 07 31 cf 26 12 f5 00 00 00 00 00 00 00 be 44 00 40 00 00 00 15 d6 3e 00 00 01 69 1b a3 b6 
00 15 d6 3e 20 32 00 2d 40 04 00 04 00 00 00 00 31 07 2d 07 2f 07 30 07 2f 07 30 07 31 07 34 07 
32 07 2f 07 30 07 31 07 30 07 31 07 30 07 31 07 32 07 2d 07 32 07 33 07 32 07 2e 07 31 07 2f 07 
30 07 2a 07 2e 07 2e 07 2c 07 2b 07 2c 07 2a 07 27 07 26 07 29 07 27 07 27 07 28 07 25 07 25 07 
29 07 26 07 29 07 27 07 27 07 28 07 29 07 2b 07 2f 07 2c 07 2f 07 30 07 33 07 2b 07 2a 07 2a 07 
2b 07 30 07 32 07 2d 07 2c 07 2f 07 33 07 33 07 2f 07 2e 07 2d 07 2a 07 2b 07 2c 07 2f 07 30 07 
2f 07 27 07 27 07 2a 07 2c 07 25 07 27 07 28 07 27 07 28 07 28 07 27 07 24 07 22 07 26 07 25 07 
29 07 26 07 28 07 27 07 29 07 27 07 25 07 29 07 28 07 2a 07 27 07 29 07 26 07 29 07 26 07 25 07 
27 07 23 07 23 07 1f 07 21 07 25 07 20 07 23 07 1f 07 1c 07 1d 07 1b 07 20 07 20 07 19 07 1d 07 
1a 07 1c 07 1e 07 1c 07 1c 07 22 07 1f 07 1c 07 1d 07 20 07 23 07 28 07 22 07 1f 07 22 07 24 07 
26 07 25 07 26 07 2a 07 29 07 2a 07 2e 07 2f 07 2e 07 2d 07 2d 07 32 07 32 07 2d 07 32 07 36 07 
35 07 30 07 2f 07 2f 07 35 07 36 07 34 07 38 07 33 07 32 07 37 07 3b 07 31 07 35 07 33 07 3a 07 
38 07 2f 07 2d 07 35 07 34 07 34 07 2f 07 2e 07 2e 07 2d 07 2e 07 2a 07 2b 07 2a 07 27 07 24 07 
25 07 28 07 2a 07 28 07 25 07 22 07 28 07 23 07 29 07 23 07 25 07 29 07 2b 07 2a 07 27 07 2a 07 
27 07 27 07 27 07 29 07 29 07 27 07 26 07 26 07 28 07 28 07 2a 07 2d 07 28 07 2a 07 2b 07 2a 07 
30 07 2c 07 2f 07 31 07 2f 07 2d 07 2e 07 2d 07 30 07 2f 07 2f 07 2b 07 2e 07 2d 07 2b 07 2f 07 
2e 07 2d 07 2d 07 2c 07 2f 07 2d 07 2b 07 2d 07 2b 07 2c 07 2f 07 2b 07 2b 07 2b 07 29 07 2a 07 
29 07 2c 07 29 07 22 07 29 07 2b 07 29 07 2a 07 2a 07 28 07 2b 07 2b 07 2a 07 28 07 26 07 26 07 
2d 07 26 07 24 07 25 07 23 07 24 07 23 07 1c 07 1f 07 21 07 19 07 22 07 20 07 19 07 1d 07 1a 07 
20 07 1d 07 1f 07 1f 07 22 07 1d 07 21 07 22 07 21 07 1c 07 23 07 23 07 25 07 23 07 23 07 24 07 
2a 07 29 07 29 07 26 07 26 07 29 07 29 07 2e 07 28 07 24 07 27 07 2a 07 2b 07 27 07 27 07 25 07 
24 07 23 07 24 07 27 07 26 07 2b 07 23 07 26 07 27 07 27 07 2a 07 2a 07 2b 07 2a 07 2c 07 30 07 
35 07 30 07 2e 07 32 07 32 07 30 07 3a 07 34 07 35 07 36 07 38 07 3a 07 37 07 35 07 3a 07 3a 07 
34 07 36 07 3d 07 37 07 39 07 33 07 36 07 36 07 34 07 32 07 32 07 33 07 34 07 33 07 2f 07 30 07 
39 39 d1 05 4e 19 a4 a6 03 2c 47 19 cf 0e 12 de 00 00 00 00 00 00 00 be 44 00 80 00 00 00 15 d6 
3e 00 00 01 69 1b a3 b6 00 15 d6 3e 20 32 00 2d 40 04 00 08 00 00 00 00 20 07 1f 07 28 07 27 07 
28 07 27 07 2a 07 28 07 26 07 26 07 28 07 28 07 2b 07 28 07 29 07 2c 07 2d 07 2c 07 2e 07 2e 07 
28 07 2a 07 2c 07 2c 07 2b 07 2d 07 2c 07 29 07 2c 07 2a 07 2d 07 2f 07 2b 07 2c 07 2e 07 2b 07 
2e 07 2f 07 2c 07 2b 07 2a 07 29 07 2a 07 2a 07 2b 07 2d 07 2c 07 2b 07 29 07 2a 07 2c 07 28 07 
2a 07 2e 07 2d 07 2d 07 29 07 25 07 24 07 28 07 29 07 27 07 24 07 25 07 26 07 23 07 20 07 21 07 
20 07 1f 07 1e 07 1b 07 1c 07 21 07 1b 07 20 07 1a 07 1a 07 17 07 1a 07 1b 07 18 07 16 07 1a 07 
1b 07 18 07 1c 07 20 07 1d 07 1a 07 18 07 1b 07 1a 07 1a 07 1d 07 19 07 1d 07 1e 07 1c 07 1f 07 
1a 07 1c 07 20 07 1f 07 1d 07 1f 07 21 07 20 07 1e 07 1a 07 21 07 1d 07 20 07 1f 07 24 07 25 07 
1f 07 1f 07 1f 07 1f 07 22 07 20 07 20 07 1f 07 1c 07 20 07 28 07 24 07 22 07 22 07 23 07 22 07 
24 07 23 07 25 07 25 07 25 07 24 07 26 07 22 07 28 07 28 07 27 07 25 07 2a 07 29 07 25 07 26 07 
27 07 2b 07 2a 07 2a 07 28 07 2a 07 28 07 26 07 2a 07 2a 07 2d 07 29 07 28 07 29 07 28 07 2b 07 
2e 07 35 07 2a 07 29 07 2d 07 30 07 2f 07 2a 07 27 07 2c 07 2e 07 2a 07 29 07 24 07 28 07 28 07 
28 07 23 07 28 07 25 07 23 07 26 07 21 07 21 07 20 07 21 07 25 07 1f 07 22 07 20 07 25 07 24 07 
20 07 20 07 23 07 26 07 28 07 27 07 28 07 25 07 27 07 26 07 27 07 2d 07 25 07 2a 07 25 07 2a 07 
25 07 2a 07 24 07 27 07 27 07 27 07 28 07 23 07 2a 07 22 07 25 07 1f 07 20 07 24 07 1f 07 1c 07 
1c 07 22 07 22 07 23 07 1e 07 1a 07 1e 07 1f 07 1d 07 20 07 23 07 1f 07 21 07 1f 07 20 07 1f 07 
20 07 1c 07 1c 07 1f 07 20 07 1f 07 17 07 20 07 1d 07 20 07 1b 07 1d 07 17 07 1d 07 20 07 1a 07 
1a 07 1c 07 1a 07 19 07 17 07 1b 07 1c 07 18 07 16 07 19 07 1e 07 1c 07 1a 07 1a 07 17 07 17 07 
1d 07 1f 07 1c 07 1c 07 1c 07 1a 07 1f 07 1c 07 1d 07 22 07 22 07 20 07 25 07 20 07 26 07 26 07 
23 07 23 07 25 07 28 07 20 07 1f 07 22 07 25 07 23 07 1a 07 1b 07 17 07 1b 07 1a 07 1a 07 14 07 
15 07 14 07 16 07 12 07 12 07 13 07 0f 07 13 07 10 07 10 07 11 07 16 07 19 07 16 07 14 07 16 07 
1a 07 1d 07 1d 07 1c 07 1e 07 23 07 26 07 21 07 25 07 26 07 27 07 26 07 20 07 26 07 2a 07 2c 07 
2b 07 28 07 2a 07 2d 07 2b 07 2c 07 2a 07 2d 07 29 07 29 07 2c 07 2c 07 29 07 28 07 27 07 29 07 
26 07 27 07 27 07 23 07 39 37 d1 3d 4e 28 a4 b6 03 27 87 2a cf 03 12 cd 00 00 00 00 00 00 00 be 
44 01 00 00 00 00 15 d6 3e 00 00 01 69 1b a3 b6 00 15 d6 3e 20 32 00 2d 40 04 00 10 00 00 00 00 
6d f9 70 f9 70 f9 6c f9 70 f9 6c f9 71 f9 71 f9 75 f9 6f f9 70 f9 6a f9 71 f9 70 f9 72 f9 6e f9 
71 f9 6b f9 70 f9 6c f9 6e f9 69 f9 6b f9 68 f9 6a f9 69 f9 6a f9 67 f9 69 f9 67 f9 6d f9 6c f9 
6d f9 65 f9 6c f9 66 f9 6a f9 67 f9 6b f9 6a f9 6a f9 68 f9 6a f9 67 f9 6e f9 6d f9 6e f9 68 f9 
6e f9 6f f9 6f f9 6d f9 6d f9 6c f9 73 f9 6f f9 6d f9 69 f9 6d f9 71 f9 73 f9 6c f9 6f f9 66 f9 
70 f9 6e f9 72 f9 71 f9 72 f9 6e f9 6c f9 6b f9 6d f9 69 f9 6d f9 6a f9 6e f9 6c f9 6c f9 69 f9 
6c f9 6c f9 6f f9 6c f9 72 f9 6c f9 70 f9 6c f9 70 f9 6c f9 6e f9 6e f9 71 f9 6b f9 70 f9 6a f9 
6d f9 6b f9 6c f9 69 f9 69 f9 69 f9 69 f9 65 f9 67 f9 61 f9 63 f9 60 f9 65 f9 5f f9 65 f9 5b f9 
63 f9 5b f9 64 f9 5d f9 64 f9 5e f9 5e f9 58 f9 60 f9 61 f9 65 f9 62 f9 65 f9 5b f9 68 f9 67 f9 
68 f9 62 f9 67 f9 63 f9 6b f9 67 f9 6a f9 64 f9 69 f9 66 f9 66 f9 66 f9 69 f9 66 f9 6a f9 64 f9 
6a f9 66 f9 69 f9 65 f9 67 f9 66 f9 6b f9 67 f9 67 f9 63 f9 6a f9 68 f9 6b f9 6a f9 6d f9 66 f9 
6c f9 68 f9 67 f9 67 f9 70 f9 6c f9 6d f9 65 f9 6a f9 70 f9 76 f9 70 f9 6d f9 6c f9 71 f9 70 f9 
75 f9 6e f9 72 f9 6e f9 73 f9 70 f9 70 f9 6a f9 72 f9 6e f9 6a f9 69 f9 6b f9 68 f9 6a f9 64 f9 
69 f9 66 f9 6a f9 63 f9 65 f9 61 f9 66 f9 66 f9 69 f9 67 f9 67 f9 65 f9 67 f9 63 f9 67 f9 64 f9 
68 f9 64 f9 65 f9 64 f9 66 f9 64 f9 66 f9 64 f9 65 f9 5e f9 67 f9 5f f9 60 f9 61 f9 64 f9 63 f9 
65 f9 5e f9 62 f9 62 f9 65 f9 65 f9 66 f9 64 f9 6a f9 68 f9 6a f9 65 f9 69 f9 65 f9 6c f9 66 f9 
6e f9 6d f9 69 f9 65 f9 69 f9 65 f9 6a f9 65 f9 6a f9 62 f9 65 f9 65 f9 68 f9 5f f9 62 f9 59 f9 
61 f9 63 f9 64 f9 5c f9 56 f9 60 f9 65 f9 5a f9 57 f9 51 f9 5e f9 5b f9 58 f9 55 f9 5e f9 57 f9 
62 f9 5c f9 5c f9 59 f9 5d f9 5d f9 64 f9 62 f9 62 f9 5c f9 62 f9 5e f9 65 f9 66 f9 65 f9 5f f9 
65 f9 6c f9 6a f9 66 f9 65 f9 61 f9 68 f9 67 f9 65 f9 62 f9 64 f9 66 f9 68 f9 63 f9 63 f9 62 f9 
69 f9 67 f9 66 f9 60 f9 60 f9 63 f9 69 f9 61 f9 63 f9 60 f9 67 f9 65 f9 66 f9 65 f9 65 f9 63 f9 
68 f9 67 f9 68 f9 6c f9 6c f9 6d f9 6f f9 6a f9 6f f9 6a f9 71 f9 6c f9 72 f9 6e f9 75 f9 70 f9 
77 f9 72 f9 77 f9 75 f9 76 f9 72 f9 75 f9 72 f9 7c f9 75 f9 73 f9 6f f9 6d f9 70 f9 73 f9 69 f9 
6a f9 67 f9 6e f9 6b f9 6b f9 64 f9 69 f9 62 f9 c7 7c 2f 49 b0 45 5a c5 fd 65 f9 7f 31 69 ec 89 
00 00 00 00 00 00 00 be b1 aa eb f1 b6 00 01 88 04 1b a3 b6 00 70 01 e9 fc 01 2a 81 0b 06 20 41 
00 00 00 00 00 05 01 08 44 00 00 00 c8 00 15 d6 3e 00 00 01 69 1b a3 b6 00 15 d6 3e 20 32 00 2d 
40 04 00 00 00 00 00 00 3f 07 3f 07 41 07 42 07 41 07 42 07 43 07 3a 07 3e 07 37 07 41 07 3e 07 
40 07 3c 07 40 07 41 07 40 07 3e 07 45 07 3e 07 40 07 3d 07 40 07 3a 07 40 07 3e 07 41 07 40 07 
43 07 3d 07 40 07 3c 07 43 07 41 07 3e 07 35 07 3e 07 3e 07 41 07 3d 07 3c 07 3b 07 3d 07 3d 07 
42 07 41 07 44 07 42 07 42 07 3b 07 42 07 3f 07 44 07 3f 07 43 07 41 07 40 07 3c 07 45 07 42 07 
46 07 40 07 3e 07 36 07 3b 07 3a 07 43 07 3e 07 42 07 39 07 38 07 35 07 3a 07 3b 07 3d 07 39 07 
3b 07 36 07 3c 07 3a 07 3c 07 38 07 3e 07 38 07 40 07 37 07 39 07 33 07 3a 07 34 07 3a 07 33 07 
33 07 32 07 35 07 2f 07 34 07 2e 07 30 07 2a 07 2e 07 29 07 2e 07 29 07 2c 07 29 07 26 07 26 07 
2a 07 28 07 2c 07 24 07 25 07 20 07 2a 07 2b 07 2d 07 26 07 24 07 22 07 28 07 2e 07 34 07 30 07 
2e 07 2a 07 33 07 34 07 3b 07 33 07 35 07 33 07 37 07 3f 07 3d 07 3b 07 39 07 39 07 3e 07 41 07 
3a 07 3f 07 3c 07 3d 07 44 07 3e 07 3c 07 3a 07 3b 07 3e 07 42 07 3a 07 3a 07 3a 07 40 07 42 07 
40 07 3e 07 3f 07 3c 07 43 07 3f 07 3e 07 39 07 46 07 44 07 42 07 3a 07 3c 07 42 07 4c 07 45 07 
43 07 3e 07 41 07 42 07 46 07 3f 07 40 07 3d 07 42 07 3e 07 44 07 3d 07 40 07 3f 07 40 07 41 07 
40 07 3c 07 3b 07 3e 07 43 07 3e 07 3e 07 37 07 38 07 38 07 40 07 3e 07 40 07 39 07 34 07 37 07 
37 07 36 07 3d 07 3a 07 3c 07 35 07 34 07 35 07 3a 07 38 07 3b 07 38 07 3a 07 36 07 38 07 35 07 
3a 07 35 07 38 07 34 07 3a 07 34 07 38 07 32 07 37 07 39 07 3a 07 35 07 39 07 30 07 33 07 33 07 
31 07 30 07 3a 07 32 07 35 07 34 07 34 07 2d 07 2f 07 33 07 30 07 2e 07 2f 07 2a 07 2d 07 2e 07 
30 07 2b 07 2e 07 2a 07 2a 07 29 07 30 07 2b 07 2e 07 2a 07 2d 07 2e 07 2f 07 2c 07 2e 07 2b 07 
31 07 2d 07 2e 07 2e 07 31 07 2d 07 2e 07 2c 07 30 07 2c 07 31 07 34 07 32 07 2f 07 34 07 35 07 
3c 07 33 07 36 07 35 07 36 07 37 07 3f 07 3e 07 3e 07 38 07 3c 07 3c 07 42 07 3e 07 41 07 3e 07 
42 07 3c 07 3e 07 3c 07 40 07 45 07 41 07 36 07 37 07 38 07 41 07 42 07 42 07 38 07 3a 07 36 07 
42 07 39 07 44 07 3e 07 40 07 3e 07 3e 07 3a 07 3e 07 46 07 46 07 42 07 3f 07 3e 07 44 07 47 07 
48 07 45 07 43 07 45 07 46 07 48 07 4a 07 45 07 48 07 47 07 47 07 49 07 4a 07 4b 07 4c 07 44 07 
48 07 46 07 4e 07 4a 07 48 07 3f 07 45 07 46 07 4c 07 44 07 41 07 42 07 39 52 d1 64 4e 7a a4 a7 
03 32 07 48 cf 48 12 e0 00 00 00 00 00 00 00 be 44 00 40 00 00 00 15 d6 3e 00 00 01 69 1b a3 b6 
00 15 d6 3e 20 32 00 2d 40 04 00 04 00 00 00 00 4d 07 4b 07 4e 07 48 07 4e 07 48 07 50 07 48 07 
4a 07 49 07 4b 07 48 07 49 07 46 07 4d 07 41 07 4b 07 49 07 4d 07 44 07 4a 07 46 07 4f 07 4c 07 
4d 07 49 07 4b 07 46 07 54 07 4d 07 51 07 46 07 48 07 45 07 4f 07 46 07 4e 07 49 07 52 07 48 07 
4c 07 49 07 4d 07 4a 07 4d 07 4b 07 50 07 48 07 50 07 4b 07 4e 07 45 07 4e 07 48 07 4f 07 4d 07 
4d 07 43 07 47 07 41 07 46 07 49 07 50 07 46 07 48 07 3f 07 45 07 46 07 48 07 3e 07 44 07 39 07 
44 07 46 07 46 07 3d 07 41 07 38 07 41 07 3f 07 41 07 39 07 44 07 3c 07 3f 07 40 07 42 07 40 07 
46 07 41 07 48 07 40 07 47 07 3d 07 49 07 41 07 47 07 44 07 49 07 41 07 47 07 45 07 49 07 47 07 
46 07 46 07 51 07 4b 07 4c 07 45 07 4b 07 41 07 4c 07 49 07 52 07 4d 07 4a 07 40 07 4e 07 48 07 
51 07 47 07 4d 07 4b 07 50 07 4a 07 4c 07 44 07 4d 07 44 07 4d 07 48 07 4f 07 49 07 52 07 4d 07 
4e 07 45 07 4c 07 4a 07 4d 07 49 07 4d 07 44 07 4b 07 46 07 48 07 3f 07 49 07 46 07 4e 07 46 07 
44 07 41 07 4a 07 41 07 45 07 43 07 4a 07 41 07 4c 07 44 07 4b 07 42 07 4b 07 4a 07 50 07 4a 07 
4a 07 46 07 4e 07 4d 07 56 07 4a 07 4d 07 4b 07 58 07 54 07 5a 07 51 07 51 07 51 07 5a 07 57 07 
58 07 4c 07 4f 07 4d 07 55 07 50 07 53 07 49 07 4d 07 49 07 4d 07 47 07 4d 07 42 07 4b 07 47 07 
50 07 49 07 4d 07 43 07 4b 07 47 07 4c 07 45 07 4d 07 47 07 47 07 44 07 48 07 48 07 4b 07 46 07 
47 07 42 07 4b 07 46 07 49 07 42 07 46 07 46 07 49 07 45 07 46 07 3f 07 47 07 46 07 49 07 43 07 
46 07 43 07 44 07 44 07 48 07 44 07 47 07 41 07 46 07 44 07 46 07 3c 07 44 07 3e 07 45 07 3f 07 
47 07 40 07 43 07 3b 07 41 07 3a 07 43 07 3d 07 41 07 38 07 42 07 3f 07 43 07 3d 07 44 07 3c 07 
43 07 3e 07 44 07 3a 07 44 07 3f 07 43 07 3d 07 44 07 3a 07 41 07 3a 07 41 07 3e 07 44 07 3a 07 
43 07 42 07 47 07 3f 07 41 07 43 07 44 07 44 07 4b 07 46 07 45 07 3c 07 45 07 3f 07 47 07 3f 07 
3f 07 41 07 49 07 42 07 44 07 3f 07 40 07 37 07 3f 07 41 07 49 07 45 07 45 07 3c 07 43 07 40 07 
47 07 43 07 44 07 3f 07 44 07 3e 07 45 07 42 07 47 07 41 07 4a 07 40 07 42 07 3c 07 48 07 42 07 
4d 07 40 07 46 07 3c 07 4b 07 49 07 4c 07 43 07 44 07 46 07 4e 07 47 07 4c 07 46 07 51 07 4a 07 
4d 07 46 07 52 07 4f 07 55 07 4c 07 51 07 51 07 5a 07 52 07 52 07 51 07 51 07 4e 07 57 07 4e 07 
39 20 d1 64 4e 11 a4 d7 03 33 47 4c cf 36 12 f8 00 00 00 00 00 00 00 be 44 00 80 00 00 00 15 d6 
3e 00 00 01 69 1b a3 b6 00 15 d6 3e 20 32 00 2d 40 04 00 08 00 00 00 00 1c 07 1e 07 17 07 1b 07 
17 07 1b 07 21 07 1d 07 20 07 1d 07 24 07 1c 07 21 07 20 07 23 07 21 07 22 07 21 07 22 07 26 07 
24 07 21 07 23 07 23 07 23 07 23 07 25 07 21 07 21 07 21 07 23 07 1f 07 22 07 20 07 22 07 1c 07 
1d 07 1b 07 23 07 23 07 21 07 1d 07 23 07 1e 07 22 07 1b 07 20 07 1c 07 24 07 23 07 23 07 1b 07 
1f 07 1e 07 1d 07 17 07 16 07 15 07 21 07 1c 07 1f 07 15 07 16 07 13 07 1a 07 15 07 17 07 10 07 
15 07 13 07 18 07 0f 07 14 07 11 07 17 07 15 07 13 07 14 07 13 07 12 07 14 07 15 07 15 07 16 07 
13 07 12 07 16 07 16 07 17 07 18 07 1a 07 15 07 16 07 15 07 16 07 18 07 13 07 15 07 1c 07 10 07 
14 07 12 07 13 07 12 07 11 07 10 07 0d 07 0b 07 14 07 0f 07 15 07 10 07 0e 07 11 07 0d 07 0d 07 
14 07 13 07 19 07 15 07 18 07 16 07 17 07 14 07 19 07 19 07 1e 07 1b 07 23 07 21 07 26 07 25 07 
23 07 20 07 27 07 27 07 29 07 25 07 27 07 23 07 26 07 23 07 23 07 23 07 25 07 1e 07 1f 07 1f 07 
20 07 20 07 1f 07 1a 07 1b 07 1a 07 1b 07 19 07 1a 07 19 07 1c 07 1c 07 1a 07 16 07 1c 07 23 07 
1f 07 12 07 15 07 19 07 20 07 20 07 22 07 17 07 1a 07 1c 07 26 07 1d 07 21 07 1d 07 23 07 24 07 
20 07 20 07 21 07 22 07 23 07 23 07 22 07 20 07 1d 07 1e 07 1d 07 1d 07 1d 07 1a 07 18 07 17 07 
18 07 17 07 17 07 0d 07 12 07 0e 07 0f 07 12 07 11 07 11 07 13 07 0f 07 10 07 10 07 16 07 15 07 
16 07 13 07 19 07 19 07 1a 07 1a 07 1a 07 15 07 1c 07 1d 07 1e 07 18 07 1f 07 1b 07 1e 07 1b 07 
1d 07 15 07 15 07 13 07 1b 07 1a 07 1d 07 18 07 19 07 17 07 17 07 17 07 18 07 18 07 1a 07 15 07 
1c 07 13 07 16 07 16 07 18 07 13 07 17 07 13 07 16 07 15 07 15 07 15 07 1a 07 16 07 1c 07 17 07 
17 07 15 07 1d 07 17 07 1d 07 19 07 1d 07 1a 07 1a 07 19 07 1e 07 18 07 1f 07 1a 07 21 07 1e 07 
1d 07 1a 07 22 07 17 07 1b 07 1b 07 20 07 20 07 1f 07 1e 07 20 07 1a 07 1b 07 18 07 1a 07 16 07 
1d 07 1c 07 1f 07 1a 07 1c 07 1f 07 20 07 15 07 16 07 15 07 15 07 1a 07 1c 07 19 07 15 07 17 07 
1c 07 15 07 1c 07 19 07 1b 07 18 07 1e 07 18 07 1b 07 20 07 26 07 20 07 21 07 1b 07 1c 07 1e 07 
22 07 1d 07 22 07 1a 07 1f 07 1f 07 24 07 21 07 22 07 1f 07 22 07 1d 07 22 07 21 07 29 07 2b 07 
29 07 21 07 23 07 24 07 25 07 25 07 25 07 25 07 26 07 25 07 27 07 21 07 23 07 20 07 26 07 24 07 
23 07 1f 07 21 07 1f 07 39 0e d1 00 4e 1c a4 9a 03 3b 87 16 cf 0c 12 f1 00 00 00 00 00 00 00 be 
44 00 c0 00 00 00 15 d6 3e 00 00 01 69 1b a3 b6 00 15 d6 3e 20 32 00 2d 40 04 00 0c 00 00 00 00 
4c 07 3c 07 4c 07 47 07 4c 07 47 07 51 07 47 07 51 07 47 07 4d 07 46 07 4f 07 42 07 4b 07 47 07 
4e 07 46 07 4b 07 3f 07 48 07 44 07 51 07 44 07 4d 07 41 07 4c 07 4b 07 53 07 4a 07 4e 07 45 07 
52 07 4b 07 54 07 49 07 50 07 4b 07 55 07 4c 07 57 07 4b 07 55 07 4a 07 55 07 48 07 51 07 4a 07 
57 07 4b 07 4f 07 45 07 4f 07 46 07 53 07 4a 07 54 07 4b 07 4f 07 47 07 4f 07 46 07 50 07 46 07 
4b 07 41 07 4d 07 43 07 4d 07 41 07 4d 07 3f 07 47 07 3b 07 4a 07 3e 07 49 07 3c 07 45 07 3f 07 
4a 07 3f 07 47 07 3f 07 48 07 3f 07 4d 07 3e 07 49 07 3f 07 4a 07 41 07 49 07 3f 07 4f 07 43 07 
4e 07 40 07 4d 07 41 07 4e 07 46 07 4e 07 46 07 4d 07 40 07 4a 07 40 07 49 07 43 07 4d 07 47 07 
4a 07 3f 07 48 07 3b 07 46 07 44 07 4c 07 40 07 44 07 3d 07 45 07 39 07 48 07 3e 07 4a 07 38 07 
4a 07 41 07 47 07 38 07 42 07 3b 07 49 07 41 07 47 07 38 07 45 07 3c 07 46 07 3a 07 45 07 3c 07 
44 07 3a 07 43 07 39 07 41 07 3a 07 48 07 3c 07 47 07 3e 07 49 07 40 07 4d 07 43 07 4d 07 44 07 
4d 07 46 07 4f 07 48 07 52 07 48 07 56 07 4e 07 50 07 46 07 52 07 47 07 58 07 4a 07 4f 07 46 07 
52 07 48 07 52 07 48 07 4d 07 47 07 57 07 47 07 52 07 47 07 4b 07 49 07 54 07 49 07 53 07 46 07 
4f 07 46 07 55 07 49 07 51 07 46 07 4e 07 44 07 4f 07 44 07 4c 07 43 07 4d 07 41 07 4d 07 42 07 
49 07 42 07 49 07 41 07 4b 07 44 07 52 07 48 07 4e 07 42 07 4f 07 45 07 4f 07 41 07 4a 07 46 07 
4e 07 42 07 4a 07 45 07 4f 07 47 07 4e 07 42 07 4a 07 41 07 4e 07 44 07 4d 07 43 07 4d 07 43 07 
4a 07 46 07 4e 07 43 07 4c 07 44 07 4d 07 42 07 4e 07 44 07 4c 07 42 07 4b 07 3f 07 4b 07 46 07 
48 07 3d 07 48 07 3d 07 4d 07 40 07 45 07 3f 07 47 07 3f 07 4a 07 3f 07 4a 07 41 07 48 07 41 07 
46 07 3e 07 4a 07 46 07 49 07 3f 07 49 07 3f 07 48 07 40 07 4d 07 41 07 4c 07 41 07 4f 07 4a 07 
50 07 3f 07 4a 07 47 07 55 07 4d 07 4e 07 42 07 4f 07 44 07 51 07 46 07 51 07 49 07 55 07 47 07 
4b 07 42 07 52 07 4a 07 51 07 43 07 4d 07 47 07 4f 07 45 07 51 07 45 07 4b 07 40 07 4a 07 41 07 
4b 07 45 07 4b 07 41 07 49 07 40 07 4f 07 45 07 4b 07 40 07 48 07 40 07 49 07 47 07 4b 07 3b 07 
46 07 43 07 4f 07 43 07 4a 07 3f 07 4c 07 46 07 4a 07 45 07 4d 07 44 07 4b 07 41 07 4c 07 47 07 
4d 07 42 07 47 07 3c 07 49 07 3f 07 49 07 3a 07 39 2d d1 76 4e 1d a4 ce 03 47 c7 51 cf 3d 12 95 
00 00 00 00 00 00 00 be 44 01 00 00 00 00 15 d6 3e 00 00 01 69 1b a3 b6 00 15 d6 3e 20 32 00 2d 
40 04 00 10 00 00 00 00 44 07 40 07 54 07 4c 07 54 07 4c 07 50 07 47 07 4f 07 4a 07 52 07 4a 07 
51 07 49 07 4f 07 4b 07 4f 07 45 07 4b 07 44 07 4b 07 49 07 4f 07 47 07 4b 07 44 07 4c 07 46 07 
47 07 44 07 49 07 45 07 49 07 45 07 49 07 40 07 4b 07 3f 07 48 07 40 07 46 07 42 07 49 07 3f 07 
4a 07 42 07 4b 07 42 07 4b 07 43 07 49 07 45 07 4a 07 43 07 49 07 44 07 4c 07 42 07 49 07 43 07 
47 07 43 07 48 07 40 07 46 07 3d 07 44 07 3f 07 41 07 35 07 3d 07 38 07 41 07 3a 07 3e 07 34 07 
39 07 30 07 37 07 33 07 36 07 32 07 34 07 33 07 3a 07 30 07 34 07 31 07 39 07 34 07 3e 07 32 07 
3b 07 35 07 3e 07 39 07 41 07 3a 07 42 07 3a 07 3f 07 3a 07 3e 07 38 07 40 07 3b 07 40 07 37 07 
3c 07 38 07 3c 07 35 07 3a 07 35 07 39 07 34 07 3a 07 33 07 3a 07 38 07 3f 07 34 07 3f 07 38 07 
3e 07 35 07 3c 07 37 07 40 07 39 07 40 07 35 07 3e 07 39 07 40 07 37 07 3c 07 35 07 40 07 3b 07 
3e 07 37 07 43 07 3c 07 42 07 36 07 41 07 37 07 42 07 3d 07 43 07 3a 07 43 07 3b 07 41 07 38 07 
3e 07 36 07 3c 07 38 07 40 07 3c 07 43 07 38 07 41 07 41 07 45 07 3c 07 40 07 3c 07 49 07 42 07 
44 07 3a 07 41 07 41 07 47 07 41 07 3f 07 39 07 45 07 41 07 44 07 39 07 41 07 38 07 41 07 3c 07 
3e 07 37 07 3e 07 3b 07 3e 07 3a 07 3c 07 36 07 3e 07 38 07 3b 07 3a 07 3f 07 36 07 3a 07 36 07 
3e 07 33 07 3c 07 37 07 3a 07 33 07 3c 07 37 07 42 07 36 07 3c 07 37 07 3d 07 3a 07 3f 07 39 07 
3f 07 3a 07 3e 07 38 07 41 07 37 07 3e 07 3a 07 44 07 3a 07 43 07 3a 07 3f 07 3a 07 41 07 3f 07 
46 07 3c 07 45 07 41 07 48 07 3d 07 46 07 42 07 46 07 41 07 49 07 3f 07 45 07 44 07 48 07 3f 07 
43 07 3d 07 44 07 3e 07 41 07 3b 07 48 07 40 07 45 07 3d 07 41 07 3c 07 45 07 3a 07 3e 07 3c 07 
44 07 3e 07 43 07 38 07 3f 07 40 07 47 07 3b 07 42 07 3d 07 44 07 3e 07 46 07 3e 07 3e 07 3a 07 
43 07 40 07 49 07 40 07 46 07 3d 07 45 07 41 07 43 07 3d 07 40 07 3b 07 4c 07 3f 07 41 07 3b 07 
44 07 3e 07 40 07 37 07 37 07 34 07 40 07 36 07 3a 07 31 07 3b 07 3a 07 3a 07 31 07 36 07 33 07 
3e 07 34 07 3b 07 35 07 3e 07 38 07 42 07 36 07 3e 07 39 07 43 07 3d 07 44 07 3a 07 3f 07 3e 07 
4b 07 40 07 3e 07 3b 07 48 07 3e 07 46 07 41 07 4a 07 46 07 4b 07 3f 07 48 07 44 07 49 07 41 07 
44 07 3e 07 47 07 42 07 44 07 39 07 3f 07 37 07 40 07 39 07 40 07 35 07 39 56 d1 7a 4e 15 a4 da 
03 35 07 3d cf 44 12 ed 00 00 00 00 00 00 00 be 0f f2 92 d5 b6 00 01 e9 05 1b a3 b6 00 70 01 e9 
fc 01 2a 81 0b 06 20 ce 00 00 00 00 00 05 01 08 44 00 00 00 c8 00 15 d6 3e 00 00 01 69 1b a3 b6 
00 15 d6 3e 20 32 00 2d 40 04 00 00 00 00 00 00 46 07 43 07 41 07 41 07 41 07 41 07 3f 07 40 07 
41 07 3d 07 44 07 3e 07 38 07 3e 07 3b 07 40 07 3b 07 38 07 38 07 3a 07 3b 07 3a 07 3d 07 3a 07 
3c 07 3a 07 3e 07 3e 07 40 07 3d 07 41 07 3b 07 40 07 3d 07 44 07 42 07 4a 07 42 07 43 07 45 07 
47 07 46 07 47 07 46 07 48 07 44 07 49 07 44 07 46 07 47 07 4a 07 44 07 45 07 46 07 47 07 47 07 
46 07 43 07 43 07 42 07 44 07 44 07 42 07 41 07 3f 07 3c 07 40 07 3c 07 3a 07 3d 07 3d 07 3c 07 
3b 07 3a 07 3a 07 3b 07 3d 07 38 07 3f 07 38 07 39 07 39 07 3c 07 38 07 3c 07 37 07 3c 07 38 07 
3a 07 3b 07 39 07 3a 07 3f 07 3e 07 3c 07 3b 07 3c 07 3a 07 3e 07 3b 07 40 07 3a 07 40 07 3b 07 
43 07 3d 07 3c 07 3d 07 41 07 3f 07 42 07 45 07 40 07 3a 07 3e 07 36 07 3d 07 3e 07 3f 07 3e 07 
43 07 3c 07 3f 07 3e 07 43 07 3c 07 3f 07 41 07 40 07 3c 07 42 07 3b 07 43 07 3e 07 3e 07 3c 07 
3c 07 40 07 41 07 3f 07 3f 07 3b 07 42 07 3d 07 41 07 41 07 43 07 41 07 3f 07 42 07 45 07 41 07 
45 07 48 07 46 07 47 07 46 07 45 07 47 07 49 07 48 07 45 07 46 07 44 07 48 07 45 07 45 07 45 07 
47 07 41 07 45 07 43 07 3f 07 3e 07 40 07 41 07 3e 07 3f 07 3b 07 41 07 42 07 3e 07 3d 07 3c 07 
40 07 42 07 45 07 3f 07 40 07 41 07 46 07 3f 07 3e 07 3d 07 44 07 40 07 41 07 43 07 46 07 3c 07 
42 07 3f 07 3f 07 45 07 43 07 41 07 41 07 45 07 42 07 44 07 45 07 44 07 46 07 42 07 43 07 42 07 
45 07 44 07 49 07 3f 07 40 07 42 07 45 07 41 07 3d 07 3e 07 3f 07 41 07 3f 07 3e 07 3f 07 38 07 
3f 07 3b 07 44 07 3c 07 41 07 38 07 3f 07 3b 07 3d 07 3c 07 3f 07 3d 07 41 07 3d 07 44 07 3c 07 
42 07 3f 07 3f 07 3f 07 43 07 3b 07 40 07 41 07 41 07 3d 07 43 07 40 07 43 07 3d 07 3d 07 3f 07 
44 07 3d 07 3f 07 3f 07 43 07 42 07 3f 07 3d 07 44 07 42 07 3f 07 3e 07 41 07 3c 07 3d 07 3e 07 
3f 07 3d 07 3a 07 38 07 34 07 39 07 3c 07 38 07 39 07 35 07 36 07 37 07 34 07 37 07 37 07 39 07 
37 07 38 07 38 07 37 07 3f 07 3a 07 3c 07 3b 07 3b 07 3e 07 41 07 3e 07 3f 07 41 07 40 07 41 07 
43 07 44 07 46 07 47 07 44 07 3d 07 47 07 47 07 45 07 42 07 45 07 40 07 41 07 44 07 45 07 45 07 
42 07 43 07 44 07 49 07 47 07 40 07 47 07 46 07 48 07 45 07 47 07 48 07 48 07 43 07 4a 07 42 07 
4a 07 49 07 49 07 47 07 46 07 47 07 4b 07 45 07 46 07 43 07 47 07 43 07 45 07 3d 07 44 07 42 07 
39 58 d1 05 4e 61 a4 a3 03 48 07 3a cf 45 12 ec 00 00 00 00 00 00 00 be 44 00 40 00 00 00 15 d6 
3e 00 00 01 69 1b a3 b6 00 15 d6 3e 20 32 00 2d 40 04 00 04 00 00 00 00 1f 07 22 07 21 07 22 07 
21 07 22 07 20 07 1b 07 1f 07 23 07 20 07 26 07 21 07 26 07 21 07 24 07 22 07 2c 07 27 07 26 07 
20 07 29 07 29 07 28 07 29 07 2d 07 28 07 2c 07 2d 07 30 07 2e 07 2d 07 28 07 30 07 2e 07 36 07 
2f 07 2f 07 2e 07 31 07 2c 07 2c 07 2d 07 30 07 2c 07 2d 07 29 07 2e 07 25 07 2f 07 28 07 28 07 
21 07 28 07 21 07 28 07 22 07 23 07 20 07 20 07 1f 07 26 07 20 07 25 07 20 07 21 07 17 07 1b 07 
1e 07 24 07 20 07 23 07 21 07 23 07 1e 07 25 07 25 07 25 07 22 07 24 07 24 07 26 07 1f 07 23 07 
1d 07 21 07 1c 07 21 07 1d 07 23 07 16 07 1c 07 17 07 19 07 16 07 1e 07 1a 07 1c 07 19 07 1a 07 
14 07 1c 07 14 07 1a 07 18 07 19 07 14 07 1b 07 1a 07 1d 07 19 07 1a 07 15 07 21 07 1c 07 1c 07 
16 07 16 07 19 07 1e 07 1e 07 23 07 1b 07 20 07 1e 07 23 07 1c 07 20 07 1a 07 25 07 20 07 2c 07 
23 07 28 07 24 07 28 07 23 07 2c 07 26 07 2c 07 2b 07 2c 07 2a 07 2a 07 28 07 2c 07 28 07 2c 07 
2a 07 2d 07 28 07 27 07 24 07 25 07 21 07 23 07 24 07 29 07 28 07 2e 07 28 07 2a 07 2a 07 2a 07 
26 07 2d 07 27 07 30 07 2d 07 2d 07 26 07 2d 07 2a 07 30 07 29 07 28 07 24 07 2c 07 27 07 26 07 
21 07 26 07 24 07 26 07 20 07 25 07 20 07 1f 07 20 07 23 07 1c 07 23 07 1e 07 24 07 1d 07 1d 07 
1d 07 25 07 1b 07 21 07 22 07 24 07 1b 07 1f 07 1f 07 24 07 20 07 21 07 1c 07 24 07 1d 07 23 07 
1d 07 22 07 22 07 20 07 23 07 23 07 20 07 23 07 24 07 20 07 1d 07 20 07 20 07 26 07 1c 07 22 07 
21 07 1e 07 1d 07 20 07 1d 07 21 07 1f 07 23 07 21 07 24 07 23 07 26 07 20 07 22 07 22 07 25 07 
24 07 2a 07 25 07 24 07 21 07 24 07 20 07 20 07 1d 07 25 07 22 07 23 07 20 07 1e 07 21 07 1e 07 
1e 07 1d 07 1e 07 1e 07 17 07 1c 07 1b 07 1e 07 15 07 21 07 1d 07 1b 07 15 07 1b 07 1c 07 20 07 
20 07 20 07 1b 07 20 07 20 07 25 07 22 07 20 07 21 07 2a 07 25 07 2a 07 28 07 31 07 28 07 29 07 
27 07 2d 07 2a 07 2c 07 2d 07 30 07 28 07 28 07 28 07 25 07 22 07 26 07 21 07 28 07 24 07 20 07 
1f 07 20 07 13 07 1a 07 15 07 1c 07 19 07 1f 07 16 07 1c 07 1b 07 1b 07 18 07 1b 07 1c 07 22 07 
1d 07 22 07 19 07 25 07 22 07 2b 07 1f 07 23 07 21 07 2a 07 29 07 29 07 24 07 29 07 28 07 30 07 
2c 07 2d 07 28 07 2a 07 28 07 2f 07 2a 07 2b 07 25 07 2d 07 29 07 2c 07 23 07 2d 07 26 07 28 07 
22 07 23 07 20 07 28 07 39 12 d1 10 4e 23 a4 8f 03 1b 47 2d cf 1b 12 c3 00 00 00 00 00 00 00 bf 
44 00 80 00 00 00 15 d6 3e 00 00 01 69 1b a3 b6 00 15 d6 3e 20 32 00 2d 40 04 00 08 00 00 00 00 
37 07 2b 07 31 07 29 07 31 07 29 07 35 07 2a 07 32 07 2b 07 34 07 2b 07 37 07 29 07 33 07 2e 07 
39 07 2e 07 3a 07 2c 07 37 07 30 07 38 07 32 07 35 07 2c 07 38 07 2c 07 34 07 2f 07 38 07 2e 07 
33 07 28 07 38 07 2e 07 39 07 2e 07 36 07 2d 07 38 07 2b 07 3b 07 2c 07 38 07 2e 07 3c 07 2f 07 
37 07 2c 07 35 07 30 07 3d 07 2c 07 34 07 2b 07 33 07 2d 07 33 07 2c 07 2f 07 23 07 2b 07 25 07 
2a 07 24 07 2b 07 26 07 2b 07 22 07 2c 07 24 07 29 07 1f 07 2a 07 21 07 2a 07 23 07 34 07 25 07 
2e 07 24 07 2f 07 27 07 34 07 29 07 32 07 2b 07 34 07 2d 07 35 07 30 07 35 07 2b 07 37 07 30 07 
35 07 2d 07 35 07 2d 07 36 07 2d 07 35 07 2d 07 33 07 28 07 30 07 2a 07 31 07 24 07 2b 07 24 07 
29 07 24 07 2e 07 28 07 2b 07 22 07 2b 07 1f 07 28 07 1c 07 28 07 25 07 2a 07 20 07 29 07 1f 07 
29 07 1f 07 26 07 22 07 2b 07 22 07 2a 07 21 07 29 07 1f 07 2a 07 24 07 2a 07 20 07 2c 07 24 07 
2a 07 21 07 2c 07 1f 07 31 07 27 07 31 07 27 07 32 07 2a 07 33 07 2e 07 36 07 2b 07 36 07 2d 07 
39 07 30 07 3b 07 33 07 3d 07 30 07 3b 07 31 07 3d 07 31 07 39 07 34 07 3e 07 33 07 38 07 31 07 
3d 07 2f 07 35 07 2a 07 33 07 2b 07 33 07 2d 07 30 07 2d 07 33 07 2e 07 33 07 27 07 31 07 29 07 
36 07 2a 07 34 07 2c 07 33 07 2d 07 31 07 2c 07 2f 07 28 07 33 07 29 07 33 07 2b 07 32 07 2a 07 
35 07 28 07 33 07 2b 07 30 07 27 07 33 07 2b 07 33 07 2e 07 38 07 26 07 30 07 29 07 35 07 2e 07 
39 07 29 07 34 07 2a 07 36 07 2c 07 34 07 2f 07 37 07 30 07 35 07 2e 07 34 07 2c 07 34 07 2d 07 
31 07 29 07 34 07 2b 07 32 07 29 07 30 07 28 07 2f 07 26 07 2e 07 27 07 27 07 24 07 2d 07 22 07 
2b 07 21 07 2e 07 20 07 2c 07 21 07 2a 07 24 07 2d 07 24 07 29 07 22 07 2c 07 24 07 31 07 27 07 
2d 07 29 07 2f 07 29 07 38 07 27 07 2e 07 27 07 32 07 27 07 32 07 2d 07 36 07 2b 07 36 07 28 07 
33 07 2a 07 32 07 30 07 38 07 26 07 2d 07 26 07 32 07 27 07 30 07 26 07 2d 07 1e 07 2d 07 24 07 
2c 07 1f 07 2a 07 1f 07 28 07 1d 07 29 07 1e 07 2a 07 1f 07 28 07 22 07 2b 07 25 07 2d 07 24 07 
2c 07 27 07 2c 07 27 07 30 07 2c 07 34 07 29 07 32 07 27 07 38 07 2e 07 38 07 2c 07 36 07 2e 07 
38 07 2c 07 39 07 2d 07 38 07 2e 07 39 07 32 07 38 07 30 07 37 07 2d 07 34 07 29 07 36 07 2c 07 
32 07 29 07 35 07 2b 07 34 07 28 07 2f 07 2a 07 39 28 d1 10 4e 0f a4 af 03 04 87 27 cf 3a 12 fc 
00 00 00 00 00 00 00 be 44 00 c0 00 00 00 15 d6 3e 00 00 01 69 1b a3 b6 00 15 d6 3e 20 32 00 2d 
40 04 00 0c 00 00 00 00 46 07 41 07 45 07 47 07 45 07 47 07 4b 07 48 07 49 07 42 07 49 07 46 07 
4a 07 48 07 4c 07 46 07 4b 07 49 07 4c 07 4a 07 49 07 4c 07 4f 07 4f 07 4b 07 4f 07 50 07 4c 07 
4e 07 4f 07 4c 07 4e 07 4d 07 4c 07 4e 07 49 07 49 07 47 07 4a 07 4f 07 4c 07 48 07 4f 07 4c 07 
4e 07 49 07 4a 07 48 07 4a 07 4a 07 4c 07 4a 07 4b 07 49 07 49 07 48 07 45 07 46 07 46 07 46 07 
46 07 40 07 41 07 3f 07 41 07 41 07 44 07 42 07 42 07 3a 07 3c 07 3f 07 3d 07 3c 07 40 07 44 07 
45 07 40 07 40 07 3f 07 42 07 40 07 46 07 42 07 45 07 40 07 44 07 3f 07 42 07 44 07 47 07 45 07 
41 07 40 07 45 07 45 07 44 07 40 07 46 07 42 07 44 07 46 07 45 07 44 07 47 07 42 07 48 07 42 07 
47 07 44 07 4b 07 49 07 49 07 46 07 4d 07 49 07 4e 07 48 07 54 07 52 07 4f 07 4c 07 4d 07 4c 07 
4f 07 49 07 52 07 4c 07 4d 07 4c 07 4e 07 4c 07 47 07 46 07 4b 07 49 07 45 07 43 07 48 07 46 07 
43 07 40 07 42 07 3e 07 44 07 41 07 45 07 43 07 40 07 40 07 47 07 45 07 46 07 49 07 49 07 48 07 
49 07 47 07 4d 07 4b 07 4f 07 4e 07 53 07 51 07 53 07 51 07 50 07 51 07 55 07 52 07 57 07 50 07 
54 07 51 07 4f 07 52 07 54 07 51 07 55 07 4e 07 4f 07 4f 07 52 07 4a 07 4b 07 48 07 4c 07 4a 07 
47 07 44 07 46 07 45 07 45 07 3f 07 42 07 42 07 41 07 40 07 42 07 3d 07 3e 07 3b 07 3d 07 3c 07 
3d 07 3e 07 42 07 3e 07 3f 07 3f 07 42 07 42 07 44 07 44 07 47 07 46 07 44 07 42 07 4b 07 44 07 
4a 07 44 07 46 07 44 07 48 07 45 07 4a 07 48 07 47 07 46 07 47 07 46 07 48 07 43 07 4a 07 47 07 
47 07 42 07 42 07 44 07 45 07 43 07 47 07 41 07 45 07 42 07 44 07 3f 07 40 07 3f 07 42 07 3f 07 
3f 07 3f 07 3a 07 3a 07 37 07 39 07 39 07 37 07 37 07 34 07 36 07 34 07 35 07 35 07 3a 07 33 07 
35 07 32 07 38 07 38 07 39 07 3a 07 3b 07 3d 07 40 07 3c 07 3e 07 41 07 42 07 42 07 44 07 44 07 
48 07 45 07 44 07 47 07 46 07 47 07 48 07 4a 07 49 07 49 07 4b 07 49 07 4a 07 48 07 49 07 46 07 
4b 07 48 07 4b 07 4b 07 49 07 48 07 48 07 48 07 43 07 42 07 48 07 47 07 46 07 46 07 49 07 42 07 
46 07 45 07 46 07 45 07 47 07 46 07 46 07 46 07 49 07 49 07 49 07 49 07 49 07 46 07 4c 07 49 07 
4c 07 4e 07 4d 07 46 07 4a 07 4a 07 4b 07 4b 07 4b 07 48 07 4b 07 49 07 4e 07 4a 07 49 07 46 07 
4a 07 48 07 49 07 47 07 49 07 46 07 48 07 44 07 48 07 47 07 49 07 45 07 39 2f d1 77 4e 67 a4 d0 
03 2f c7 32 cf 46 12 9e 00 00 00 00 00 00 00 bf 44 01 00 00 00 00 15 d6 3e 00 00 01 69 1b a3 b6 
00 15 d6 3e 20 32 00 2d 40 04 00 10 00 00 00 00 4d 07 4b 07 4b 07 4c 07 4b 07 4c 07 4f 07 4a 07 
52 07 4b 07 4d 07 4b 07 4b 07 4b 07 4f 07 44 07 47 07 4a 07 4d 07 48 07 48 07 4a 07 49 07 47 07 
47 07 49 07 4a 07 4a 07 4d 07 49 07 49 07 48 07 48 07 47 07 47 07 47 07 47 07 47 07 4c 07 4c 07 
48 07 47 07 47 07 44 07 46 07 48 07 47 07 44 07 48 07 44 07 42 07 41 07 44 07 44 07 47 07 45 07 
45 07 40 07 41 07 42 07 44 07 41 07 3b 07 3d 07 41 07 41 07 3c 07 38 07 3d 07 3c 07 41 07 3c 07 
3f 07 3b 07 42 07 40 07 3e 07 3c 07 3f 07 3f 07 41 07 44 07 44 07 40 07 4a 07 44 07 48 07 45 07 
49 07 4c 07 4a 07 49 07 4d 07 48 07 4b 07 49 07 51 07 4b 07 49 07 49 07 4c 07 4d 07 4a 07 4a 07 
49 07 4b 07 4c 07 49 07 49 07 49 07 49 07 4d 07 4a 07 4a 07 4a 07 4a 07 4a 07 4b 07 4f 07 4b 07 
4d 07 4b 07 52 07 4e 07 4f 07 4e 07 53 07 4d 07 51 07 4d 07 4b 07 4e 07 51 07 4a 07 47 07 49 07 
4f 07 49 07 4a 07 48 07 4b 07 49 07 49 07 44 07 48 07 4a 07 47 07 41 07 45 07 45 07 48 07 45 07 
43 07 43 07 41 07 42 07 44 07 42 07 45 07 48 07 47 07 43 07 47 07 48 07 49 07 4a 07 46 07 47 07 
4c 07 51 07 50 07 48 07 4c 07 4d 07 53 07 53 07 52 07 4b 07 54 07 52 07 57 07 4d 07 4d 07 4e 07 
52 07 4d 07 50 07 4c 07 51 07 53 07 51 07 4d 07 4d 07 4e 07 4b 07 4b 07 48 07 48 07 49 07 49 07 
4b 07 47 07 4b 07 49 07 47 07 49 07 48 07 47 07 48 07 48 07 47 07 4a 07 47 07 45 07 49 07 48 07 
4b 07 49 07 49 07 47 07 49 07 4a 07 4a 07 47 07 49 07 4b 07 4c 07 4b 07 4b 07 4c 07 4a 07 45 07 
4d 07 4a 07 4d 07 49 07 4c 07 49 07 4f 07 4a 07 4a 07 47 07 4d 07 4a 07 51 07 49 07 4b 07 4b 07 
4b 07 48 07 4f 07 49 07 4c 07 49 07 4d 07 49 07 4d 07 4a 07 4c 07 48 07 48 07 4b 07 4d 07 48 07 
49 07 49 07 48 07 4b 07 49 07 46 07 47 07 46 07 4a 07 48 07 47 07 43 07 49 07 44 07 49 07 42 07 
47 07 45 07 44 07 42 07 46 07 47 07 47 07 44 07 43 07 44 07 46 07 43 07 40 07 41 07 44 07 44 07 
42 07 3e 07 41 07 3d 07 45 07 3d 07 3b 07 3e 07 41 07 43 07 43 07 41 07 41 07 43 07 45 07 43 07 
45 07 44 07 47 07 48 07 48 07 44 07 45 07 49 07 47 07 4a 07 4b 07 49 07 4d 07 4b 07 4e 07 48 07 
4f 07 4e 07 54 07 4b 07 4e 07 4c 07 4d 07 4e 07 4f 07 4d 07 52 07 55 07 50 07 51 07 50 07 4f 07 
59 07 56 07 53 07 4d 07 57 07 56 07 5a 07 50 07 55 07 52 07 55 07 52 07 53 07 53 07 52 07 51 07 
39 4d d1 06 4e 7c a4 b9 03 51 07 2e cf 33 12 80 00 00 00 00 00 00 00 be ed 9b 8e f3 b6 00 01 e9 
06 1b a3 b6 00 70 01 88 dc 01 2a 81 0b 06 20 d4 00 00 00 00 00 05 01 08 44 00 00 00 c8 00 15 d6 
3e 00 00 01 69 1b a3 b6 00 15 d6 3e 20 32 00 2d 40 04 00 00 00 00 00 00 8a f9 8a f9 87 f9 88 f9 
87 f9 88 f9 86 f9 89 f9 8b f9 8e f9 87 f9 8a f9 8c f9 8f f9 8d f9 91 f9 92 f9 8c f9 8b f9 90 f9 
8e f9 93 f9 94 f9 91 f9 8f f9 89 f9 8f f9 98 f9 90 f9 91 f9 8b f9 8a f9 98 f9 94 f9 93 f9 93 f9 
8f f9 93 f9 8c f9 93 f9 91 f9 90 f9 92 f9 8f f9 90 f9 8c f9 85 f9 8d f9 8b f9 8c f9 8a f9 88 f9 
83 f9 89 f9 82 f9 82 f9 84 f9 87 f9 81 f9 7d f9 7f f9 7d f9 7b f9 82 f9 85 f9 86 f9 82 f9 83 f9 
82 f9 82 f9 7f f9 86 f9 86 f9 87 f9 87 f9 89 f9 86 f9 8d f9 8e f9 8d f9 8a f9 8a f9 8d f9 93 f9 
91 f9 90 f9 8c f9 8c f9 8f f9 91 f9 91 f9 90 f9 8c f9 90 f9 91 f9 92 f9 92 f9 94 f9 8f f9 8f f9 
90 f9 93 f9 8c f9 8d f9 89 f9 8c f9 87 f9 8a f9 84 f9 86 f9 80 f9 82 f9 82 f9 7c f9 7f f9 7b f9 
7a f9 81 f9 7b f9 79 f9 7a f9 78 f9 78 f9 82 f9 7e f9 7f f9 80 f9 7e f9 84 f9 81 f9 7d f9 7f f9 
82 f9 87 f9 85 f9 83 f9 84 f9 86 f9 82 f9 87 f9 83 f9 83 f9 83 f9 84 f9 89 f9 87 f9 85 f9 87 f9 
80 f9 83 f9 85 f9 82 f9 88 f9 88 f9 87 f9 8b f9 85 f9 85 f9 83 f9 86 f9 86 f9 8a f9 8a f9 8a f9 
89 f9 8a f9 87 f9 8a f9 8a f9 8b f9 87 f9 8c f9 89 f9 8b f9 8e f9 8e f9 8a f9 8b f9 89 f9 8e f9 
8e f9 8e f9 8a f9 8a f9 8a f9 8a f9 8d f9 90 f9 8b f9 89 f9 84 f9 87 f9 8c f9 8f f9 89 f9 83 f9 
81 f9 84 f9 85 f9 87 f9 81 f9 85 f9 7e f9 84 f9 83 f9 82 f9 83 f9 81 f9 81 f9 84 f9 84 f9 85 f9 
86 f9 84 f9 84 f9 85 f9 84 f9 8a f9 85 f9 87 f9 86 f9 84 f9 86 f9 8c f9 89 f9 89 f9 88 f9 87 f9 
8f f9 93 f9 8b f9 8b f9 8a f9 8e f9 93 f9 8f f9 8f f9 8d f9 8d f9 8f f9 93 f9 93 f9 8f f9 8d f9 
8a f9 91 f9 8f f9 8e f9 8a f9 89 f9 89 f9 8b f9 8b f9 8c f9 86 f9 87 f9 84 f9 85 f9 85 f9 87 f9 
86 f9 83 f9 80 f9 84 f9 82 f9 80 f9 7f f9 82 f9 80 f9 84 f9 85 f9 83 f9 83 f9 84 f9 85 f9 86 f9 
89 f9 83 f9 87 f9 83 f9 8a f9 8d f9 89 f9 8b f9 84 f9 89 f9 8e f9 90 f9 8e f9 8c f9 8b f9 8b f9 
8c f9 8d f9 8c f9 83 f9 89 f9 89 f9 8a f9 8b f9 8b f9 89 f9 87 f9 8a f9 8c f9 87 f9 84 f9 83 f9 
86 f9 8b f9 89 f9 83 f9 84 f9 83 f9 85 f9 89 f9 89 f9 87 f9 85 f9 89 f9 85 f9 88 f9 87 f9 84 f9 
86 f9 85 f9 83 f9 89 f9 8a f9 81 f9 80 f9 8c f9 8e f9 8b f9 81 f9 87 f9 85 f9 8f f9 8f f9 89 f9 
86 f9 8a f9 8a f9 8e f9 8c f9 8a f9 82 f9 89 f9 8d f9 8d f9 8d f9 8c f9 8b f9 8b f9 8b f9 8f f9 
8a f9 8a f9 89 f9 8a f9 c7 61 2f 4f b0 ba 5a f6 fd 9d f9 74 31 8d ec a1 00 00 00 00 00 00 00 be 
44 00 40 00 00 00 15 d6 3e 00 00 01 69 1b a3 b6 00 15 d6 3e 20 32 00 2d 40 04 00 04 00 00 00 00 
6b f9 72 f9 5b f9 5f f9 5b f9 5f f9 5b f9 68 f9 67 f9 64 f9 54 f9 62 f9 5f f9 6c f9 56 f9 5b f9 
59 f9 66 f9 59 f9 5c f9 5a f9 65 f9 60 f9 63 f9 51 f9 54 f9 59 f9 68 f9 5e f9 5e f9 5d f9 6d f9 
5c f9 64 f9 50 f9 57 f9 65 f9 6f f9 5e f9 60 f9 5a f9 65 f9 5e f9 71 f9 68 f9 63 f9 5d f9 63 f9 
5e f9 6d f9 61 f9 67 f9 5e f9 69 f9 5e f9 68 f9 5d f9 60 f9 5b f9 60 f9 5a f9 65 f9 5d f9 69 f9 
5d f9 5c f9 4a f9 57 f9 57 f9 6b f9 62 f9 6a f9 57 f9 5f f9 53 f9 57 f9 52 f9 67 f9 62 f9 66 f9 
62 f9 63 f9 5e f9 65 f9 5a f9 65 f9 62 f9 6e f9 65 f9 6a f9 57 f9 6a f9 63 f9 6a f9 59 f9 60 f9 
57 f9 64 f9 63 f9 61 f9 53 f9 55 f9 55 f9 65 f9 5b f9 56 f9 4f f9 5b f9 59 f9 59 f9 4e f9 57 f9 
58 f9 5f f9 54 f9 60 f9 5a f9 5c f9 55 f9 68 f9 64 f9 69 f9 55 f9 61 f9 63 f9 68 f9 60 f9 69 f9 
56 f9 5d f9 67 f9 77 f9 69 f9 69 f9 55 f9 5b f9 5a f9 6a f9 65 f9 61 f9 62 f9 73 f9 6a f9 66 f9 
55 f9 53 f9 5f f9 71 f9 65 f9 68 f9 5e f9 63 f9 5d f9 6a f9 5e f9 59 f9 55 f9 68 f9 69 f9 68 f9 
60 f9 62 f9 58 f9 63 f9 5d f9 63 f9 5b f9 6a f9 6e f9 6b f9 51 f9 5d f9 53 f9 66 f9 6a f9 6d f9 
5a f9 59 f9 5e f9 6a f9 5f f9 5c f9 52 f9 58 f9 57 f9 65 f9 5f f9 68 f9 56 f9 60 f9 56 f9 52 f9 
4a f9 60 f9 5a f9 62 f9 5b f9 59 f9 4e f9 59 f9 56 f9 66 f9 5e f9 5f f9 53 f9 59 f9 57 f9 61 f9 
5e f9 65 f9 58 f9 6a f9 64 f9 68 f9 5c f9 61 f9 5e f9 6a f9 65 f9 6b f9 5f f9 69 f9 5f f9 6d f9 
5b f9 60 f9 57 f9 67 f9 66 f9 65 f9 57 f9 67 f9 6a f9 6b f9 60 f9 5f f9 59 f9 68 f9 6c f9 70 f9 
65 f9 65 f9 55 f9 6b f9 69 f9 6a f9 60 f9 69 f9 65 f9 70 f9 60 f9 68 f9 67 f9 6a f9 57 f9 66 f9 
5e f9 6a f9 69 f9 66 f9 52 f9 5c f9 5d f9 68 f9 56 f9 62 f9 59 f9 66 f9 59 f9 59 f9 48 f9 59 f9 
57 f9 68 f9 56 f9 55 f9 50 f9 62 f9 63 f9 63 f9 58 f9 56 f9 54 f9 62 f9 63 f9 69 f9 53 f9 5d f9 
61 f9 6e f9 68 f9 62 f9 4b f9 61 f9 6d f9 77 f9 5a f9 58 f9 56 f9 6a f9 64 f9 60 f9 48 f9 50 f9 
5a f9 6c f9 67 f9 67 f9 53 f9 4f f9 42 f9 50 f9 51 f9 63 f9 5e f9 66 f9 5a f9 58 f9 4f f9 52 f9 
51 f9 55 f9 5b f9 66 f9 4d f9 5c f9 50 f9 63 f9 67 f9 62 f9 4a f9 5a f9 63 f9 68 f9 64 f9 66 f9 
64 f9 69 f9 5d f9 63 f9 60 f9 6a f9 68 f9 69 f9 5e f9 68 f9 66 f9 6a f9 65 f9 71 f9 60 f9 69 f9 
61 f9 74 f9 62 f9 65 f9 61 f9 6e f9 61 f9 60 f9 c7 62 2f 74 b0 6e 5a d7 fd 52 b9 5a 31 45 ec ba 
00 00 00 00 00 00 00 be 44 00 c0 00 00 00 15 d6 3e 00 00 01 69 1b a3 b6 00 15 d6 3e 20 32 00 2d 
40 04 00 0c 00 00 00 00 57 f9 56 f9 61 f9 5b f9 61 f9 5b f9 5e f9 5e f9 5e f9 5e f9 5f f9 5d f9 
5f f9 5b f9 5e f9 58 f9 5d f9 5a f9 5c f9 5e f9 5d f9 5c f9 63 f9 5e f9 5e f9 61 f9 5e f9 5f f9 
5e f9 5c f9 5c f9 5e f9 5e f9 5c f9 61 f9 5c f9 5f f9 62 f9 5d f9 5a f9 5f f9 5c f9 5b f9 5c f9 
5d f9 5c f9 5f f9 58 f9 59 f9 5a f9 5e f9 5a f9 5f f9 5e f9 5c f9 5b f9 5f f9 60 f9 61 f9 5e f9 
63 f9 60 f9 5f f9 5f f9 64 f9 60 f9 62 f9 61 f9 61 f9 60 f9 5f f9 5d f9 60 f9 5d f9 5c f9 57 f9 
5b f9 58 f9 5b f9 5b f9 5b f9 59 f9 5a f9 57 f9 5d f9 5f f9 61 f9 5b f9 60 f9 5f f9 5f f9 5e f9 
5c f9 5b f9 60 f9 5f f9 62 f9 5f f9 5f f9 61 f9 63 f9 61 f9 5f f9 5d f9 5f f9 5c f9 5e f9 5d f9 
5f f9 5e f9 63 f9 5d f9 5e f9 5b f9 5c f9 5a f9 59 f9 5d f9 5c f9 5c f9 5a f9 5b f9 5c f9 59 f9 
5c f9 5b f9 5d f9 5b f9 59 f9 5b f9 5b f9 5a f9 5a f9 53 f9 56 f9 58 f9 5a f9 57 f9 54 f9 53 f9 
58 f9 55 f9 53 f9 53 f9 55 f9 51 f9 52 f9 4c f9 53 f9 53 f9 52 f9 4f f9 50 f9 52 f9 55 f9 53 f9 
55 f9 56 f9 57 f9 56 f9 56 f9 57 f9 5a f9 5e f9 5e f9 5e f9 63 f9 5e f9 66 f9 66 f9 63 f9 63 f9 
63 f9 65 f9 66 f9 67 f9 6a f9 66 f9 68 f9 62 f9 67 f9 66 f9 67 f9 65 f9 67 f9 62 f9 67 f9 65 f9 
62 f9 67 f9 65 f9 61 f9 63 f9 61 f9 61 f9 63 f9 60 f9 60 f9 60 f9 5d f9 5c f9 5f f9 5d f9 58 f9 
59 f9 59 f9 57 f9 55 f9 55 f9 52 f9 54 f9 51 f9 56 f9 52 f9 51 f9 4e f9 4d f9 4e f9 50 f9 4d f9 
4f f9 4a f9 51 f9 50 f9 52 f9 52 f9 51 f9 52 f9 50 f9 55 f9 52 f9 52 f9 55 f9 54 f9 55 f9 56 f9 
55 f9 55 f9 58 f9 55 f9 56 f9 59 f9 57 f9 55 f9 5c f9 56 f9 5a f9 56 f9 57 f9 55 f9 56 f9 58 f9 
59 f9 55 f9 56 f9 54 f9 56 f9 4f f9 56 f9 51 f9 51 f9 51 f9 52 f9 51 f9 53 f9 50 f9 55 f9 53 f9 
53 f9 4f f9 51 f9 52 f9 53 f9 50 f9 54 f9 52 f9 56 f9 54 f9 55 f9 56 f9 5c f9 58 f9 5b f9 5b f9 
5d f9 5c f9 5b f9 5c f9 5f f9 5f f9 5f f9 5b f9 5e f9 5a f9 5b f9 5c f9 60 f9 5b f9 5a f9 58 f9 
59 f9 5b f9 5b f9 5b f9 5b f9 5b f9 5e f9 5f f9 57 f9 59 f9 5f f9 59 f9 5f f9 5a f9 5f f9 5f f9 
63 f9 61 f9 63 f9 64 f9 61 f9 63 f9 64 f9 64 f9 68 f9 67 f9 68 f9 6b f9 6b f9 69 f9 69 f9 6c f9 
67 f9 67 f9 65 f9 66 f9 65 f9 62 f9 62 f9 63 f9 64 f9 64 f9 61 f9 60 f9 5f f9 5f f9 62 f9 5f f9 
61 f9 5e f9 61 f9 5b f9 5f f9 5a f9 5a f9 5d f9 5d f9 59 f9 5c f9 57 f9 c7 75 2f 60 b0 75 5a d4 
fd 6f 39 5c 31 52 ec a6 00 00 00 00 00 00 00 be 44 01 00 00 00 00 15 d6 3e 00 00 01 69 1b a3 b6 
00 15 d6 3e 20 32 00 2d 40 04 00 10 00 00 00 00 55 f9 53 f9 5a f9 54 f9 5a f9 54 f9 58 f9 57 f9 
59 f9 56 f9 58 f9 58 f9 59 f9 59 f9 60 f9 5e f9 5c f9 5d f9 61 f9 5d f9 5f f9 5c f9 60 f9 5e f9 
60 f9 63 f9 66 f9 5f f9 64 f9 65 f9 66 f9 61 f9 65 f9 63 f9 66 f9 67 f9 69 f9 5f f9 66 f9 61 f9 
6a f9 65 f9 63 f9 5e f9 65 f9 5f f9 62 f9 5c f9 5d f9 5d f9 61 f9 5c f9 5f f9 5a f9 5e f9 5b f9 
60 f9 5b f9 5c f9 5c f9 5f f9 5b f9 61 f9 5e f9 63 f9 5a f9 5f f9 5c f9 5d f9 5c f9 61 f9 59 f9 
5e f9 5a f9 5d f9 55 f9 5b f9 55 f9 53 f9 51 f9 59 f9 51 f9 53 f9 4f f9 52 f9 4c f9 51 f9 52 f9 
4d f9 4f f9 52 f9 4f f9 55 f9 52 f9 55 f9 53 f9 56 f9 56 f9 57 f9 52 f9 57 f9 55 f9 58 f9 56 f9 
5c f9 5a f9 5a f9 5b f9 5c f9 5a f9 5d f9 59 f9 5f f9 59 f9 5d f9 5a f9 5c f9 5c f9 5e f9 5b f9 
5e f9 5c f9 60 f9 5c f9 5d f9 5a f9 5f f9 5c f9 5c f9 5d f9 5f f9 5e f9 5c f9 59 f9 5d f9 56 f9 
5b f9 58 f9 5c f9 54 f9 5b f9 54 f9 5a f9 58 f9 57 f9 57 f9 57 f9 53 f9 57 f9 56 f9 56 f9 56 f9 
57 f9 56 f9 5b f9 56 f9 56 f9 55 f9 58 f9 58 f9 5d f9 55 f9 58 f9 55 f9 58 f9 55 f9 59 f9 56 f9 
58 f9 57 f9 5d f9 58 f9 5a f9 59 f9 57 f9 59 f9 5e f9 58 f9 5d f9 5d f9 5f f9 5e f9 64 f9 5f f9 
64 f9 5f f9 61 f9 5c f9 61 f9 5c f9 5d f9 5a f9 5b f9 5a f9 5a f9 56 f9 58 f9 56 f9 57 f9 52 f9 
56 f9 50 f9 57 f9 51 f9 57 f9 53 f9 55 f9 55 f9 57 f9 4f f9 56 f9 53 f9 54 f9 54 f9 55 f9 51 f9 
53 f9 51 f9 52 f9 4e f9 57 f9 4f f9 54 f9 53 f9 55 f9 50 f9 56 f9 53 f9 56 f9 51 f9 57 f9 52 f9 
57 f9 58 f9 56 f9 58 f9 58 f9 58 f9 58 f9 56 f9 5b f9 56 f9 5a f9 58 f9 5b f9 56 f9 5d f9 56 f9 
5d f9 5a f9 58 f9 5b f9 59 f9 58 f9 58 f9 56 f9 57 f9 54 f9 57 f9 55 f9 56 f9 55 f9 55 f9 52 f9 
55 f9 50 f9 52 f9 4d f9 4f f9 4c f9 4b f9 4c f9 4f f9 4a f9 4f f9 4c f9 4c f9 4a f9 50 f9 51 f9 
51 f9 4d f9 51 f9 51 f9 54 f9 51 f9 56 f9 53 f9 56 f9 55 f9 5e f9 58 f9 5c f9 5b f9 5c f9 5b f9 
62 f9 60 f9 61 f9 5f f9 61 f9 5f f9 5f f9 5d f9 62 f9 59 f9 5c f9 5d f9 60 f9 5e f9 5d f9 58 f9 
5d f9 59 f9 5f f9 59 f9 5d f9 54 f9 59 f9 56 f9 57 f9 53 f9 5b f9 55 f9 56 f9 53 f9 55 f9 52 f9 
55 f9 52 f9 5c f9 55 f9 54 f9 54 f9 54 f9 57 f9 59 f9 52 f9 57 f9 54 f9 57 f9 53 f9 55 f9 54 f9 
58 f9 52 f9 59 f9 54 f9 57 f9 54 f9 5b f9 54 f9 58 f9 54 f9 58 f9 53 f9 52 f9 53 f9 55 f9 4f f9 
c7 60 2f 7a b0 77 5a c2 fd 5f f9 55 31 6d ec 82 00 00 00 00 00 00 00 be 25 80 7e a1 b6 00 01 88 
08 1b a3 b6 00 70 00 06 00 01 2a 81 0b 5e 48 1d 00 00 00 00 00 09 01 07 00 00 08 08 f0 00 00 00 
00 00 08 00 00 00 00 10 44 4b 1e b2 b6 00 00 06 09 1b a3 b6 00 70 01 e9 fc 01 2a 81 0b 06 20 5b 
00 00 00 00 00 05 01 08 44 00 00 00 c8 00 15 d6 3e 00 00 01 69 1b a3 b6 00 15 d6 3e 20 32 00 2d 
40 04 00 00 00 00 00 00 10 f9 0d f9 14 f9 0d f9 14 f9 0d f9 10 f9 0f f9 11 f9 0f f9 10 f9 10 f9 
11 f9 11 f9 12 f9 0e f9 11 f9 0f f9 10 f9 10 f9 0e f9 0f f9 13 f9 11 f9 14 f9 11 f9 10 f9 0d f9 
12 f9 10 f9 13 f9 12 f9 13 f9 10 f9 12 f9 0d f9 11 f9 13 f9 12 f9 0f f9 10 f9 10 f9 12 f9 12 f9 
10 f9 0d f9 10 f9 11 f9 11 f9 12 f9 14 f9 10 f9 0f f9 0c f9 10 f9 0c f9 10 f9 0f f9 11 f9 0d f9 
11 f9 12 f9 13 f9 0e f9 11 f9 0c f9 13 f9 12 f9 12 f9 0d f9 0f f9 10 f9 17 f9 0f f9 13 f9 0d f9 
10 f9 0e f9 10 f9 0f f9 16 f9 0f f9 17 f9 14 f9 0f f9 0d f9 12 f9 0f f9 15 f9 11 f9 12 f9 0f f9 
12 f9 0f f9 14 f9 11 f9 14 f9 11 f9 14 f9 10 f9 12 f9 0f f9 13 f9 10 f9 13 f9 0f f9 14 f9 0e f9 
17 f9 14 f9 10 f9 0f f9 15 f9 12 f9 10 f9 0f f9 13 f9 0f f9 0f f9 11 f9 11 f9 11 f9 14 f9 0f f9 
13 f9 10 f9 0f f9 10 f9 11 f9 12 f9 15 f9 0e f9 13 f9 0e f9 11 f9 0f f9 14 f9 11 f9 0f f9 0b f9 
12 f9 13 f9 0d f9 0e f9 16 f9 0f f9 11 f9 0d f9 0f f9 0e f9 14 f9 13 f9 0e f9 0e f9 12 f9 0f f9 
13 f9 10 f9 10 f9 0e f9 13 f9 0f f9 14 f9 0d f9 0c f9 0f f9 13 f9 0f f9 0e f9 0e f9 13 f9 12 f9 
11 f9 0b f9 0c f9 12 f9 15 f9 12 f9 11 f9 13 f9 12 f9 11 f9 0f f9 0d f9 13 f9 12 f9 12 f9 0f f9 
12 f9 0f f9 13 f9 10 f9 14 f9 0c f9 12 f9 0e f9 12 f9 0f f9 0f f9 12 f9 11 f9 0e f9 13 f9 0e f9 
12 f9 10 f9 11 f9 0c f9 12 f9 0e f9 12 f9 0d f9 10 f9 11 f9 13 f9 10 f9 12 f9 0d f9 0f f9 0f f9 
10 f9 13 f9 11 f9 10 f9 13 f9 0b f9 13 f9 0f f9 12 f9 0e f9 14 f9 0f f9 12 f9 0e f9 10 f9 10 f9 
19 f9 0f f9 0f f9 14 f9 13 f9 12 f9 12 f9 0e f9 13 f9 10 f9 14 f9 14 f9 12 f9 0f f9 0d f9 0b f9 
11 f9 0f f9 10 f9 0f f9 13 f9 0e f9 10 f9 0f f9 14 f9 0c f9 10 f9 10 f9 12 f9 14 f9 0e f9 10 f9 
10 f9 12 f9 13 f9 0e f9 11 f9 0e f9 12 f9 13 f9 10 f9 0f f9 10 f9 0e f9 12 f9 12 f9 13 f9 0b f9 
11 f9 10 f9 14 f9 0f f9 13 f9 0f f9 11 f9 0f f9 0b f9 0b f9 13 f9 12 f9 11 f9 11 f9 11 f9 10 f9 
11 f9 0e f9 0f f9 10 f9 10 f9 11 f9 12 f9 15 f9 0b f9 0d f9 0f f9 0e f9 0c f9 0d f9 0e f9 15 f9 
19 f9 0d f9 0e f9 0f f9 13 f9 12 f9 10 f9 0d f9 13 f9 12 f9 0e f9 0c f9 13 f9 0f f9 0f f9 0f f9 
13 f9 12 f9 12 f9 0d f9 10 f9 0d f9 17 f9 12 f9 13 f9 0c f9 13 f9 0f f9 10 f9 0e f9 12 f9 11 f9 
12 f9 0c f9 13 f9 10 f9 15 f9 0f f9 11 f9 0e f9 12 f9 10 f9 15 f9 11 f9 c7 06 2f 2a b0 27 5a 91 
fd 14 f9 12 31 08 ec dd 00 00 00 00 00 00 00 be 44 00 40 00 00 00 15 d6 3e 00 00 01 69 1b a3 b6 
00 15 d6 3e 20 32 00 2d 40 04 00 04 00 00 00 00 59 f9 58 f9 61 f9 54 f9 61 f9 54 f9 5a f9 58 f9 
5c f9 56 f9 58 f9 52 f9 58 f9 51 f9 54 f9 53 f9 5c f9 56 f9 5a f9 52 f9 5a f9 53 f9 5c f9 57 f9 
5f f9 55 f9 5e f9 5a f9 5f f9 5c f9 5e f9 59 f9 61 f9 5b f9 60 f9 59 f9 62 f9 57 f9 5f f9 5a f9 
63 f9 5a f9 5b f9 5a f9 61 f9 5b f9 5e f9 58 f9 5c f9 5e f9 5a f9 56 f9 58 f9 58 f9 5d f9 54 f9 
5c f9 59 f9 61 f9 5e f9 5c f9 52 f9 58 f9 57 f9 5c f9 5d f9 60 f9 5b f9 60 f9 5e f9 58 f9 51 f9 
5c f9 5b f9 5b f9 55 f9 56 f9 54 f9 58 f9 54 f9 5a f9 54 f9 57 f9 53 f9 56 f9 55 f9 5b f9 55 f9 
5b f9 53 f9 59 f9 55 f9 5d f9 58 f9 5a f9 54 f9 5e f9 58 f9 5f f9 5a f9 5c f9 59 f9 5c f9 5d f9 
64 f9 5a f9 5e f9 5c f9 62 f9 5b f9 5f f9 58 f9 5c f9 5c f9 59 f9 56 f9 5c f9 58 f9 5f f9 57 f9 
5a f9 58 f9 55 f9 50 f9 51 f9 53 f9 59 f9 57 f9 59 f9 4f f9 57 f9 4e f9 5c f9 52 f9 52 f9 52 f9 
55 f9 52 f9 56 f9 4d f9 55 f9 4e f9 51 f9 4d f9 53 f9 52 f9 52 f9 50 f9 51 f9 50 f9 55 f9 4b f9 
52 f9 55 f9 5d f9 51 f9 57 f9 53 f9 5c f9 55 f9 5c f9 58 f9 5d f9 5c f9 63 f9 5b f9 61 f9 5b f9 
69 f9 63 f9 62 f9 5a f9 64 f9 60 f9 6a f9 60 f9 64 f9 5f f9 61 f9 5b f9 63 f9 5d f9 63 f9 5b f9 
63 f9 5e f9 65 f9 60 f9 61 f9 58 f9 5d f9 56 f9 5f f9 58 f9 5a f9 54 f9 58 f9 53 f9 5a f9 54 f9 
57 f9 54 f9 5c f9 55 f9 59 f9 55 f9 5b f9 59 f9 59 f9 51 f9 57 f9 58 f9 56 f9 58 f9 55 f9 52 f9 
56 f9 54 f9 56 f9 51 f9 55 f9 52 f9 59 f9 51 f9 55 f9 53 f9 55 f9 55 f9 5b f9 58 f9 5c f9 57 f9 
5a f9 58 f9 5f f9 5e f9 5e f9 5d f9 62 f9 5a f9 5e f9 60 f9 63 f9 5e f9 64 f9 5c f9 60 f9 5e f9 
5e f9 5d f9 5e f9 5b f9 61 f9 5e f9 62 f9 59 f9 5f f9 59 f9 60 f9 58 f9 5f f9 59 f9 5a f9 57 f9 
5c f9 59 f9 59 f9 54 f9 55 f9 4f f9 55 f9 51 f9 56 f9 53 f9 55 f9 51 f9 55 f9 4e f9 59 f9 52 f9 
55 f9 4f f9 55 f9 4d f9 58 f9 55 f9 57 f9 4e f9 51 f9 4f f9 55 f9 53 f9 58 f9 56 f9 58 f9 55 f9 
58 f9 4f f9 55 f9 4f f9 5c f9 56 f9 5a f9 55 f9 58 f9 53 f9 53 f9 50 f9 5a f9 54 f9 5d f9 58 f9 
61 f9 59 f9 5e f9 52 f9 5a f9 5d f9 61 f9 58 f9 5c f9 59 f9 64 f9 59 f9 5e f9 5c f9 5f f9 58 f9 
5f f9 59 f9 5c f9 59 f9 5d f9 59 f9 5d f9 5b f9 60 f9 5b f9 60 f9 54 f9 63 f9 5b f9 5f f9 5c f9 
5f f9 5d f9 63 f9 5b f9 64 f9 63 f9 64 f9 5b f9 63 f9 5f f9 64 f9 60 f9 5f f9 5e f9 63 f9 5b f9 
c7 40 2f 54 b0 75 5a fa fd 77 b9 63 31 4f ec b3 00 00 00 00 00 00 00 be 44 00 80 00 00 00 15 d6 
3e 00 00 01 69 1b a3 b6 00 15 d6 3e 20 32 00 2d 40 04 00 08 00 00 00 00 46 f9 42 f9 4b f9 48 f9 
4b f9 48 f9 48 f9 46 f9 43 f9 44 f9 44 f9 45 f9 44 f9 43 f9 46 f9 3f f9 4a f9 49 f9 4a f9 45 f9 
4b f9 4a f9 4b f9 48 f9 51 f9 4a f9 4e f9 4b f9 4a f9 4d f9 4d f9 4b f9 48 f9 47 f9 4a f9 4c f9 
4a f9 48 f9 49 f9 45 f9 46 f9 4b f9 4b f9 4b f9 48 f9 48 f9 4b f9 4d f9 4a f9 44 f9 49 f9 4a f9 
4b f9 4a f9 48 f9 48 f9 4a f9 4b f9 4a f9 4a f9 48 f9 48 f9 4a f9 4a f9 48 f9 49 f9 48 f9 48 f9 
48 f9 44 f9 49 f9 47 f9 46 f9 44 f9 41 f9 45 f9 4a f9 47 f9 48 f9 43 f9 46 f9 45 f9 4b f9 47 f9 
4d f9 4a f9 4c f9 4a f9 4e f9 4b f9 49 f9 49 f9 4a f9 4a f9 4a f9 4a f9 48 f9 48 f9 46 f9 45 f9 
48 f9 45 f9 46 f9 3d f9 44 f9 45 f9 42 f9 41 f9 46 f9 3e f9 43 f9 3d f9 42 f9 42 f9 3e f9 40 f9 
44 f9 3b f9 3e f9 3d f9 3f f9 3f f9 43 f9 3c f9 40 f9 3d f9 3e f9 40 f9 3e f9 3f f9 40 f9 3e f9 
45 f9 3f f9 40 f9 43 f9 44 f9 43 f9 41 f9 3f f9 43 f9 44 f9 45 f9 45 f9 46 f9 43 f9 47 f9 45 f9 
47 f9 43 f9 47 f9 45 f9 4a f9 46 f9 47 f9 48 f9 4a f9 4a f9 48 f9 45 f9 49 f9 49 f9 4f f9 4a f9 
48 f9 4a f9 4e f9 4d f9 4a f9 49 f9 4d f9 4d f9 53 f9 4e f9 4c f9 4b f9 51 f9 4c f9 4a f9 52 f9 
55 f9 4e f9 55 f9 4e f9 4d f9 4f f9 57 f9 51 f9 4f f9 4e f9 4f f9 4c f9 50 f9 49 f9 49 f9 48 f9 
4c f9 49 f9 45 f9 43 f9 47 f9 44 f9 43 f9 46 f9 46 f9 43 f9 43 f9 42 f9 42 f9 3f f9 45 f9 45 f9 
44 f9 3f f9 40 f9 43 f9 44 f9 45 f9 43 f9 44 f9 41 f9 44 f9 43 f9 42 f9 46 f9 43 f9 44 f9 45 f9 
45 f9 43 f9 4a f9 4b f9 49 f9 4a f9 4a f9 46 f9 50 f9 4a f9 4b f9 48 f9 4e f9 4c f9 4d f9 4a f9 
4c f9 49 f9 4a f9 4a f9 49 f9 49 f9 4a f9 47 f9 45 f9 43 f9 45 f9 46 f9 46 f9 43 f9 45 f9 46 f9 
46 f9 45 f9 43 f9 42 f9 47 f9 44 f9 45 f9 41 f9 44 f9 41 f9 43 f9 41 f9 44 f9 44 f9 44 f9 45 f9 
48 f9 46 f9 44 f9 46 f9 4b f9 48 f9 4a f9 4b f9 4e f9 47 f9 4d f9 49 f9 4b f9 49 f9 50 f9 4e f9 
4b f9 46 f9 48 f9 48 f9 4b f9 44 f9 42 f9 46 f9 47 f9 46 f9 47 f9 43 f9 44 f9 3f f9 40 f9 41 f9 
48 f9 40 f9 43 f9 44 f9 3f f9 3f f9 45 f9 42 f9 44 f9 3f f9 3f f9 42 f9 46 f9 43 f9 45 f9 42 f9 
43 f9 47 f9 45 f9 46 f9 47 f9 4b f9 4e f9 4a f9 4e f9 49 f9 53 f9 50 f9 56 f9 4f f9 51 f9 53 f9 
54 f9 4c f9 51 f9 50 f9 53 f9 51 f9 54 f9 51 f9 52 f9 4d f9 54 f9 52 f9 54 f9 51 f9 55 f9 4e f9 
55 f9 52 f9 50 f9 53 f9 c7 25 2f 1d b0 1c 5a a9 fd 46 79 22 31 53 ec 95 00 00 00 00 00 00 00 be 
44 00 c0 00 00 00 15 d6 3e 00 00 01 69 1b a3 b6 00 15 d6 3e 20 32 00 2d 40 04 00 0c 00 00 00 00 
45 f9 44 f9 41 f9 3f f9 41 f9 3f f9 45 f9 3f f9 43 f9 40 f9 46 f9 41 f9 46 f9 42 f9 46 f9 45 f9 
4a f9 43 f9 4a f9 45 f9 49 f9 49 f9 4a f9 48 f9 4c f9 47 f9 4c f9 47 f9 48 f9 42 f9 4a f9 45 f9 
47 f9 42 f9 44 f9 41 f9 42 f9 3f f9 42 f9 3a f9 42 f9 40 f9 43 f9 3f f9 3c f9 41 f9 43 f9 41 f9 
44 f9 41 f9 48 f9 46 f9 49 f9 43 f9 48 f9 43 f9 49 f9 45 f9 4a f9 48 f9 48 f9 45 f9 47 f9 44 f9 
4a f9 44 f9 47 f9 44 f9 42 f9 42 f9 46 f9 3c f9 43 f9 3f f9 40 f9 43 f9 42 f9 3a f9 40 f9 39 f9 
40 f9 3f f9 42 f9 3c f9 42 f9 3a f9 40 f9 3d f9 43 f9 3f f9 44 f9 40 f9 45 f9 40 f9 45 f9 40 f9 
43 f9 40 f9 44 f9 38 f9 44 f9 3a f9 40 f9 3b f9 3d f9 38 f9 3b f9 36 f9 3b f9 34 f9 3a f9 34 f9 
38 f9 31 f9 3a f9 35 f9 38 f9 36 f9 35 f9 2f f9 3b f9 35 f9 3c f9 3b f9 35 f9 32 f9 39 f9 38 f9 
3b f9 3a f9 41 f9 3e f9 46 f9 3b f9 44 f9 3e f9 4a f9 41 f9 48 f9 45 f9 4e f9 4a f9 4d f9 44 f9 
50 f9 48 f9 4a f9 48 f9 4b f9 4a f9 4d f9 46 f9 4b f9 49 f9 4b f9 49 f9 4e f9 46 f9 46 f9 45 f9 
46 f9 43 f9 4b f9 45 f9 45 f9 43 f9 47 f9 42 f9 47 f9 45 f9 4e f9 4a f9 4c f9 46 f9 46 f9 43 f9 
4b f9 47 f9 47 f9 48 f9 48 f9 43 f9 46 f9 3e f9 42 f9 43 f9 47 f9 41 f9 41 f9 3e f9 45 f9 3e f9 
44 f9 3b f9 40 f9 3f f9 45 f9 3c f9 41 f9 3d f9 42 f9 3b f9 3d f9 3c f9 41 f9 3e f9 41 f9 3e f9 
41 f9 3f f9 46 f9 3e f9 41 f9 40 f9 44 f9 44 f9 43 f9 3e f9 42 f9 3f f9 44 f9 41 f9 45 f9 3e f9 
44 f9 43 f9 46 f9 3f f9 41 f9 3e f9 45 f9 42 f9 44 f9 3f f9 42 f9 43 f9 42 f9 3e f9 42 f9 3c f9 
44 f9 41 f9 41 f9 40 f9 41 f9 3c f9 40 f9 3f f9 40 f9 3c f9 41 f9 3e f9 3f f9 3d f9 40 f9 3e f9 
41 f9 3c f9 41 f9 3b f9 41 f9 3e f9 3d f9 3b f9 41 f9 40 f9 42 f9 3a f9 3d f9 3c f9 3f f9 3b f9 
40 f9 3d f9 3d f9 3c f9 40 f9 3e f9 42 f9 3b f9 44 f9 41 f9 44 f9 40 f9 43 f9 45 f9 4a f9 41 f9 
48 f9 47 f9 4f f9 47 f9 48 f9 43 f9 47 f9 44 f9 4b f9 43 f9 48 f9 3f f9 42 f9 3f f9 42 f9 3e f9 
3c f9 38 f9 42 f9 38 f9 3a f9 34 f9 38 f9 36 f9 38 f9 2f f9 38 f9 36 f9 3e f9 32 f9 38 f9 36 f9 
40 f9 3a f9 41 f9 3b f9 44 f9 3c f9 46 f9 40 f9 48 f9 41 f9 4c f9 4a f9 4a f9 48 f9 4e f9 4c f9 
51 f9 4a f9 50 f9 4a f9 4e f9 4b f9 51 f9 4c f9 4e f9 4a f9 4d f9 4b f9 4e f9 43 f9 47 f9 47 f9 
47 f9 42 f9 44 f9 3d f9 48 f9 40 f9 47 f9 3d f9 c7 58 2f 60 b0 7a 5a d5 fd 2b 39 24 31 3e ec 9c 
00 00 00 00 00 00 00 be 44 01 00 00 00 00 15 d6 3e 00 00 01 69 1b a3 b6 00 15 d6 3e 20 32 00 2d 
40 04 00 10 00 00 00 00 f3 f8 e8 f8 f0 f8 e7 f8 f0 f8 e7 f8 f2 f8 e5 f8 f2 f8 e8 f8 f2 f8 e6 f8 
f1 f8 e5 f8 f0 f8 e6 f8 f5 f8 e5 f8 f1 f8 e6 f8 ee f8 e5 f8 ee f8 e8 f8 f1 f8 e6 f8 f1 f8 e7 f8 
f1 f8 e7 f8 f0 f8 e6 f8 ee f8 e5 f8 f2 f8 e5 f8 ee f8 e8 f8 f3 f8 e5 f8 f1 f8 e5 f8 f0 f8 e7 f8 
f0 f8 e7 f8 f3 f8 e5 f8 f1 f8 e5 f8 ef f8 e7 f8 f3 f8 e8 f8 f0 f8 e9 f8 f2 f8 eb f8 f5 f8 e8 f8 
f1 f8 e5 f8 ef f8 e4 f8 ee f8 e8 f8 f3 f8 e6 f8 ef f8 e7 f8 f3 f8 e0 f8 f3 f8 e6 f8 ef f8 e4 f8 
f1 f8 e9 f8 f3 f8 e6 f8 f0 f8 e5 f8 f2 f8 e8 f8 f0 f8 e7 f8 f3 f8 e7 f8 ef f8 e6 f8 f2 f8 e4 f8 
f0 f8 e5 f8 f1 f8 e5 f8 f2 f8 e8 f8 f4 f8 e9 f8 f3 f8 e4 f8 f3 f8 e5 f8 f2 f8 e6 f8 f1 f8 e1 f8 
f3 f8 e6 f8 f2 f8 e6 f8 ef f8 e5 f8 f1 f8 e6 f8 f3 f8 ea f8 f9 f8 e7 f8 f1 f8 e7 f8 ee f8 e6 f8 
f0 f8 e8 f8 f2 f8 e9 f8 f4 f8 e6 f8 f0 f8 e4 f8 f4 f8 e9 f8 f4 f8 e6 f8 ef f8 e7 f8 f1 f8 e3 f8 
f3 f8 e6 f8 ef f8 e3 f8 f3 f8 e7 f8 f5 f8 e8 f8 f3 f8 e6 f8 ef f8 e5 f8 ef f8 e7 f8 f0 f8 e9 f8 
f0 f8 e2 f8 ef f8 e4 f8 f1 f8 e5 f8 f2 f8 e6 f8 f4 f8 ea f8 f3 f8 e5 f8 f3 f8 e7 f8 ee f8 e6 f8 
f1 f8 e9 f8 f8 f8 e8 f8 f1 f8 e5 f8 f1 f8 e7 f8 f4 f8 e8 f8 ef f8 e8 f8 f2 f8 ea f8 ef f8 e5 f8 
ef f8 e6 f8 ed f8 e5 f8 f2 f8 ea f8 f1 f8 e7 f8 f3 f8 e9 f8 f3 f8 e9 f8 ed f8 e5 f8 f0 f8 ea f8 
f4 f8 e8 f8 f2 f8 e5 f8 f2 f8 e5 f8 f2 f8 ec f8 f4 f8 ea f8 f1 f8 e2 f8 f1 f8 e9 f8 f4 f8 e5 f8 
ef f8 e5 f8 f1 f8 e5 f8 f0 f8 e5 f8 f4 f8 e5 f8 f5 f8 e5 f8 f2 f8 e6 f8 f2 f8 e9 f8 f1 f8 e5 f8 
f0 f8 e5 f8 f1 f8 e6 f8 f1 f8 e6 f8 f3 f8 eb f8 f3 f8 e8 f8 f0 f8 e6 f8 f3 f8 e4 f8 f3 f8 e7 f8 
f1 f8 e8 f8 f2 f8 e8 f8 f1 f8 e4 f8 ec f8 ea f8 ed f8 e6 f8 f4 f8 e8 f8 f0 f8 e4 f8 ef f8 e6 f8 
ef f8 e7 f8 ef f8 e7 f8 f4 f8 e6 f8 f1 f8 e7 f8 f3 f8 e5 f8 ef f8 e7 f8 f3 f8 e8 f8 f2 f8 e7 f8 
ee f8 e9 f8 f0 f8 e8 f8 f2 f8 e2 f8 ef f8 e9 f8 f2 f8 ed f8 f2 f8 e8 f8 ee f8 e7 f8 ee f8 e6 f8 
ee f8 e5 f8 f0 f8 e9 f8 f4 f8 e7 f8 ed f8 e5 f8 f1 f8 e8 f8 f2 f8 e7 f8 f2 f8 e5 f8 ef f8 e4 f8 
eb f8 e7 f8 f5 f8 e8 f8 ee f8 e8 f8 f1 f8 e7 f8 f2 f8 e7 f8 f2 f8 e5 f8 f0 f8 e7 f8 ee f8 e7 f8 
f4 f8 e6 f8 f1 f8 e6 f8 f2 f8 e5 f8 f1 f8 e7 f8 f3 f8 e3 f8 f2 f8 e8 f8 f3 f8 e8 f8 f3 f8 e7 f8 
ee f8 e7 f8 ef f8 e3 f8 ef f8 ea f8 ef f8 e6 f8 f3 f8 e6 f8 f1 f8 e5 f8 c6 f6 2e d6 b1 c5 5b 68 
fc ee f8 e7 30 ef ed 39 00 00 00 00 00 00 00 be 82 be 45 29 b6 00 01 e9 0a 1b a3 b6 00 70 01 e9 
fc 01 2a 81 0b 06 20 4c 00 00 00 00 00 05 01 08 44 00 00 00 c8 00 15 d6 3e 00 00 01 69 1b a3 b6 
00 15 d6 3e 20 32 00 2d 40 04 00 00 00 00 00 00 f4 f8 f3 f8 fa f8 fd f8 fa f8 fd f8 f6 f8 f7 f8 
fb f8 fb f8 fa f8 f8 f8 f8 f8 fa f8 f9 f8 fd f8 fb f8 fc f8 fe f8 fd f8 fd f8 fd f8 fb f8 f9 f8 
fb f8 fc f8 f9 f8 fb f8 fa f8 fc f8 f9 f8 fe f8 fc f8 fa f8 fb f8 fd f8 fc f8 fe f8 f7 f8 f7 f8 
fc f8 ff f8 fd f8 fc f8 f7 f8 fb f8 00 f9 fb f8 fb f8 fd f8 fc f8 f8 f8 fd f8 fc f8 fc f8 fc f8 
fc f8 fb f8 fa f8 fc f8 00 f9 f8 f8 fe f8 f6 f8 f7 f8 fc f8 fe f8 fc f8 fb f8 f8 f8 00 f9 fc f8 
fd f8 f8 f8 fa f8 fa f8 fc f8 fe f8 fb f8 fc f8 fb f8 fd f8 ff f8 fd f8 fa f8 fe f8 fc f8 fa f8 
fb f8 fe f8 00 f9 f8 f8 fc f8 fb f8 fe f8 f9 f8 fb f8 fb f8 fc f8 fd f8 fb f8 f8 f8 fe f8 fe f8 
fe f8 fb f8 fc f8 f8 f8 00 f9 f6 f8 02 f9 fe f8 fc f8 fa f8 fe f8 f8 f8 f9 f8 fa f8 f9 f8 f7 f8 
00 f9 00 f9 fd f8 f4 f8 f6 f8 fb f8 fd f8 fa f8 fc f8 fc f8 fc f8 fb f8 fb f8 fd f8 f9 f8 fd f8 
fd f8 00 f9 fa f8 fb f8 fc f8 fd f8 fe f8 fe f8 fe f8 fc f8 f9 f8 fa f8 00 f9 00 f9 f9 f8 f7 f8 
fb f8 fd f8 ff f8 f8 f8 f9 f8 fc f8 fd f8 fb f8 00 f9 ff f8 fb f8 fc f8 fd f8 ff f8 fa f8 fc f8 
fb f8 fe f8 fe f8 f9 f8 fd f8 fa f8 00 f9 fe f8 00 f9 fc f8 f7 f8 fc f8 fd f8 00 f9 f9 f8 fc f8 
fc f8 ff f8 fc f8 fd f8 00 f9 fd f8 03 f9 f9 f8 fa f8 fb f8 fa f8 fe f8 fc f8 fd f8 fe f8 ff f8 
ff f8 fc f8 f9 f8 fd f8 fb f8 fe f8 fd f8 fb f8 f9 f8 fc f8 fe f8 fc f8 00 f9 00 f9 fe f8 f6 f8 
fb f8 01 f9 02 f9 fa f8 fe f8 fc f8 f9 f8 fd f8 00 f9 fc f8 00 f9 fa f8 fc f8 fe f8 fd f8 fb f8 
f9 f8 fe f8 fd f8 01 f9 fc f8 fa f8 02 f9 fa f8 fb f8 fc f8 00 f9 00 f9 fe f8 fd f8 fc f8 f8 f8 
fb f8 01 f9 fd f8 fb f8 fd f8 01 f9 fc f8 f9 f8 00 f9 fd f8 fe f8 fe f8 fd f8 fd f8 fc f8 01 f9 
04 f9 03 f9 fc f8 fb f8 fe f8 fc f8 fa f8 03 f9 fe f8 fe f8 01 f9 fd f8 fa f8 fe f8 fc f8 fe f8 
02 f9 ff f8 01 f9 f8 f8 fd f8 01 f9 fc f8 fd f8 00 f9 01 f9 ff f8 fb f8 fc f8 fd f8 01 f9 fe f8 
ff f8 fd f8 fd f8 f8 f8 fc f8 fe f8 01 f9 ff f8 ff f8 02 f9 ff f8 fc f8 fd f8 fd f8 01 f9 01 f9 
fe f8 ff f8 fa f8 fb f8 02 f9 ff f8 01 f9 fe f8 fb f8 fc f8 02 f9 fb f8 00 f9 fe f8 fd f8 fd f8 
01 f9 fd f8 fc f8 fd f8 fe f8 fc f8 02 f9 fb f8 fe f8 ff f8 ff f8 fc f8 ff f8 00 f9 fe f8 fe f8 
00 f9 00 f9 fc f8 00 f9 00 f9 00 f9 fe f8 fe f8 fc f8 ff f8 fe f8 fc f8 01 f9 fe f8 f9 f8 00 f9 
c7 18 2f 37 b1 da 5b 63 fc ff f9 01 31 0b ec d2 00 00 00 00 00 00 00 be 44 00 40 00 00 00 15 d6 
3e 00 00 01 69 1b a3 b6 00 15 d6 3e 20 32 00 2d 40 04 00 04 00 00 00 00 46 f9 4e f9 3f f9 43 f9 
3f f9 43 f9 3d f9 45 f9 3c f9 46 f9 3d f9 45 f9 42 f9 42 f9 45 f9 4a f9 47 f9 4f f9 47 f9 4b f9 
44 f9 4c f9 4a f9 4e f9 48 f9 50 f9 4a f9 4f f9 4a f9 4e f9 4a f9 4e f9 48 f9 50 f9 4b f9 4f f9 
4b f9 4b f9 45 f9 47 f9 45 f9 4b f9 41 f9 4d f9 43 f9 46 f9 42 f9 47 f9 42 f9 48 f9 41 f9 49 f9 
43 f9 48 f9 43 f9 4a f9 45 f9 49 f9 42 f9 46 f9 3e f9 47 f9 41 f9 4a f9 46 f9 49 f9 45 f9 4b f9 
3f f9 43 f9 42 f9 45 f9 45 f9 42 f9 3a f9 4a f9 41 f9 45 f9 3d f9 44 f9 3e f9 42 f9 40 f9 45 f9 
40 f9 45 f9 3d f9 43 f9 40 f9 42 f9 40 f9 49 f9 43 f9 46 f9 41 f9 47 f9 42 f9 4a f9 45 f9 48 f9 
46 f9 4b f9 46 f9 4c f9 43 f9 48 f9 45 f9 47 f9 45 f9 4a f9 43 f9 44 f9 3f f9 43 f9 3b f9 42 f9 
3f f9 41 f9 39 f9 3d f9 36 f9 3b f9 32 f9 3c f9 34 f9 3d f9 31 f9 39 f9 2d f9 35 f9 33 f9 38 f9 
35 f9 3b f9 34 f9 39 f9 39 f9 38 f9 34 f9 3e f9 37 f9 3c f9 35 f9 3d f9 3d f9 44 f9 3a f9 3e f9 
39 f9 3b f9 3a f9 42 f9 3d f9 3f f9 3c f9 3f f9 3c f9 3e f9 3c f9 43 f9 41 f9 47 f9 3c f9 44 f9 
3e f9 44 f9 43 f9 48 f9 41 f9 47 f9 3d f9 46 f9 49 f9 4a f9 47 f9 48 f9 40 f9 47 f9 44 f9 4b f9 
49 f9 49 f9 48 f9 4b f9 45 f9 48 f9 41 f9 4c f9 43 f9 45 f9 42 f9 48 f9 42 f9 46 f9 3f f9 4a f9 
41 f9 45 f9 3e f9 45 f9 42 f9 45 f9 3f f9 46 f9 3e f9 45 f9 3f f9 45 f9 42 f9 46 f9 3e f9 47 f9 
40 f9 44 f9 40 f9 49 f9 3f f9 43 f9 3f f9 41 f9 3c f9 44 f9 3d f9 41 f9 3b f9 3f f9 3b f9 43 f9 
3d f9 43 f9 3f f9 46 f9 43 f9 44 f9 3f f9 45 f9 43 f9 46 f9 46 f9 4a f9 43 f9 48 f9 47 f9 4b f9 
43 f9 47 f9 44 f9 4b f9 49 f9 4c f9 45 f9 4c f9 45 f9 49 f9 42 f9 45 f9 40 f9 45 f9 3e f9 42 f9 
3a f9 3f f9 3c f9 3d f9 38 f9 3a f9 34 f9 38 f9 36 f9 39 f9 33 f9 3a f9 30 f9 38 f9 31 f9 38 f9 
33 f9 3a f9 2e f9 39 f9 35 f9 3e f9 35 f9 3c f9 36 f9 3e f9 3a f9 43 f9 3c f9 43 f9 3f f9 44 f9 
44 f9 45 f9 3f f9 45 f9 40 f9 47 f9 41 f9 47 f9 40 f9 46 f9 3f f9 45 f9 3e f9 40 f9 3c f9 44 f9 
3f f9 44 f9 3b f9 44 f9 3e f9 41 f9 3c f9 46 f9 3d f9 42 f9 3c f9 4a f9 3c f9 43 f9 3f f9 48 f9 
42 f9 46 f9 46 f9 47 f9 44 f9 46 f9 41 f9 4b f9 48 f9 48 f9 46 f9 4b f9 47 f9 49 f9 49 f9 4d f9 
4c f9 4d f9 4a f9 54 f9 4f f9 4f f9 4c f9 53 f9 4f f9 51 f9 47 f9 52 f9 4f f9 4f f9 4a f9 51 f9 
4a f9 50 f9 4a f9 4d f9 c7 5c 2f 0c b0 65 5a b1 fd 3a b9 26 31 37 ec e8 00 00 00 00 00 00 00 be 
44 00 80 00 00 00 15 d6 3e 00 00 01 69 1b a3 b6 00 15 d6 3e 20 32 00 2d 40 04 00 08 00 00 00 00 
85 f9 89 f9 8c f9 8f f9 8c f9 8f f9 8d f9 8e f9 8d f9 91 f9 8d f9 94 f9 92 f9 95 f9 92 f9 94 f9 
8f f9 96 f9 92 f9 95 f9 93 f9 97 f9 95 f9 96 f9 90 f9 96 f9 95 f9 96 f9 8d f9 8f f9 8f f9 8f f9 
8c f9 8e f9 8b f9 8b f9 8a f9 8c f9 87 f9 8d f9 86 f9 8a f9 87 f9 8d f9 8a f9 8b f9 8a f9 8f f9 
89 f9 8d f9 89 f9 8f f9 8b f9 8e f9 8b f9 8f f9 8b f9 8e f9 8b f9 8b f9 8a f9 8f f9 8d f9 93 f9 
8c f9 8e f9 8a f9 8f f9 86 f9 8a f9 87 f9 8b f9 89 f9 8a f9 89 f9 84 f9 7f f9 81 f9 82 f9 7f f9 
7d f9 80 f9 7b f9 84 f9 7e f9 80 f9 81 f9 84 f9 7e f9 83 f9 82 f9 83 f9 82 f9 85 f9 83 f9 85 f9 
83 f9 81 f9 83 f9 87 f9 83 f9 87 f9 84 f9 87 f9 82 f9 84 f9 83 f9 88 f9 82 f9 84 f9 81 f9 89 f9 
7f f9 88 f9 86 f9 81 f9 87 f9 89 f9 83 f9 84 f9 85 f9 87 f9 86 f9 8a f9 85 f9 8a f9 83 f9 8b f9 
87 f9 8a f9 82 f9 89 f9 87 f9 8b f9 87 f9 89 f9 81 f9 8a f9 86 f9 81 f9 81 f9 85 f9 85 f9 88 f9 
85 f9 88 f9 85 f9 88 f9 87 f9 85 f9 8a f9 8a f9 86 f9 8c f9 8a f9 89 f9 87 f9 89 f9 88 f9 89 f9 
85 f9 8d f9 8a f9 8e f9 89 f9 8a f9 88 f9 8f f9 8d f9 89 f9 8c f9 90 f9 8f f9 8f f9 8a f9 90 f9 
8e f9 8d f9 8a f9 91 f9 8f f9 92 f9 91 f9 93 f9 8d f9 91 f9 90 f9 95 f9 8f f9 95 f9 8e f9 93 f9 
8f f9 95 f9 93 f9 91 f9 8e f9 94 f9 93 f9 8f f9 8b f9 91 f9 8f f9 91 f9 8c f9 8e f9 8d f9 91 f9 
8c f9 8d f9 86 f9 8b f9 8d f9 8f f9 8b f9 8c f9 8a f9 90 f9 8d f9 8f f9 8a f9 90 f9 8c f9 90 f9 
8d f9 95 f9 90 f9 93 f9 90 f9 95 f9 90 f9 95 f9 94 f9 97 f9 95 f9 96 f9 8f f9 97 f9 94 f9 93 f9 
90 f9 92 f9 91 f9 94 f9 8c f9 8f f9 8b f9 8f f9 8a f9 8a f9 86 f9 8a f9 87 f9 89 f9 86 f9 87 f9 
81 f9 85 f9 84 f9 85 f9 82 f9 88 f9 84 f9 87 f9 87 f9 85 f9 83 f9 84 f9 7f f9 82 f9 7e f9 83 f9 
80 f9 82 f9 7e f9 83 f9 80 f9 85 f9 82 f9 84 f9 80 f9 85 f9 81 f9 87 f9 82 f9 8a f9 81 f9 89 f9 
87 f9 89 f9 83 f9 8b f9 86 f9 8a f9 88 f9 8b f9 84 f9 89 f9 85 f9 89 f9 87 f9 8b f9 89 f9 8a f9 
86 f9 8b f9 89 f9 8d f9 8c f9 91 f9 8b f9 91 f9 8d f9 8f f9 8c f9 8f f9 90 f9 93 f9 8e f9 8d f9 
90 f9 8f f9 91 f9 92 f9 8d f9 8d f9 8a f9 91 f9 89 f9 8b f9 8d f9 8d f9 8b f9 89 f9 88 f9 8d f9 
8e f9 8a f9 87 f9 8f f9 8b f9 91 f9 88 f9 8c f9 8b f9 91 f9 89 f9 8f f9 8a f9 91 f9 8a f9 8a f9 
88 f9 8d f9 8c f9 8b f9 87 f9 8b f9 87 f9 89 f9 c7 9a 2f ba b0 b5 5a ec fd 7b 79 73 31 82 ec a2 
00 00 00 00 00 00 00 be 44 00 c0 00 00 00 15 d6 3e 00 00 01 69 1b a3 b6 00 15 d6 3e 20 32 00 2d 
40 04 00 0c 00 00 00 00 64 f9 69 f9 6f f9 75 f9 6f f9 75 f9 6e f9 73 f9 6f f9 74 f9 71 f9 78 f9 
6e f9 73 f9 6e f9 73 f9 6b f9 74 f9 6b f9 6f f9 6b f9 71 f9 6c f9 6e f9 6b f9 72 f9 6d f9 6e f9 
6b f9 6f f9 66 f9 6d f9 6a f9 71 f9 68 f9 73 f9 6c f9 6f f9 6c f9 6c f9 6b f9 71 f9 6e f9 74 f9 
70 f9 75 f9 71 f9 79 f9 72 f9 79 f9 77 f9 7d f9 79 f9 7e f9 75 f9 7d f9 79 f9 79 f9 77 f9 79 f9 
74 f9 77 f9 6f f9 75 f9 6f f9 71 f9 67 f9 6e f9 6c f9 64 f9 65 f9 65 f9 60 f9 66 f9 63 f9 61 f9 
62 f9 63 f9 5e f9 62 f9 62 f9 62 f9 62 f9 67 f9 64 f9 67 f9 64 f9 68 f9 66 f9 68 f9 65 f9 69 f9 
6a f9 6a f9 68 f9 69 f9 65 f9 6b f9 66 f9 68 f9 66 f9 67 f9 64 f9 69 f9 65 f9 66 f9 62 f9 66 f9 
5f f9 66 f9 5d f9 62 f9 5d f9 64 f9 5b f9 64 f9 5c f9 5f f9 5b f9 5f f9 59 f9 5c f9 5c f9 65 f9 
5f f9 61 f9 5b f9 67 f9 60 f9 66 f9 65 f9 6a f9 62 f9 69 f9 65 f9 6a f9 66 f9 67 f9 65 f9 6e f9 
67 f9 6a f9 6c f9 6d f9 66 f9 6d f9 6c f9 6a f9 68 f9 6a f9 65 f9 6c f9 63 f9 66 f9 63 f9 68 f9 
65 f9 67 f9 64 f9 62 f9 5f f9 64 f9 5f f9 69 f9 62 f9 67 f9 67 f9 6e f9 61 f9 6a f9 66 f9 6c f9 
6a f9 6c f9 66 f9 6d f9 67 f9 6f f9 68 f9 6d f9 68 f9 72 f9 6a f9 70 f9 6b f9 6f f9 6c f9 6d f9 
68 f9 6c f9 69 f9 6c f9 66 f9 6c f9 68 f9 69 f9 68 f9 6d f9 61 f9 65 f9 68 f9 67 f9 65 f9 6a f9 
63 f9 6b f9 69 f9 68 f9 66 f9 6d f9 68 f9 6e f9 6a f9 6f f9 6a f9 6f f9 68 f9 6d f9 69 f9 6c f9 
6a f9 6c f9 68 f9 6f f9 6a f9 6f f9 6e f9 6c f9 65 f9 6e f9 6b f9 6a f9 69 f9 6a f9 67 f9 6c f9 
6b f9 6c f9 69 f9 6c f9 6b f9 6d f9 6a f9 6f f9 69 f9 6f f9 6a f9 71 f9 6e f9 73 f9 6e f9 70 f9 
69 f9 72 f9 6d f9 70 f9 6d f9 6e f9 67 f9 6e f9 6a f9 6d f9 6b f9 6f f9 6a f9 71 f9 6d f9 6e f9 
68 f9 6d f9 69 f9 70 f9 6e f9 6f f9 6a f9 71 f9 6b f9 6c f9 69 f9 6e f9 6c f9 6d f9 68 f9 70 f9 
69 f9 70 f9 6c f9 75 f9 6e f9 6f f9 6f f9 71 f9 6e f9 74 f9 6e f9 71 f9 6e f9 73 f9 70 f9 6c f9 
6b f9 72 f9 68 f9 6d f9 67 f9 6e f9 63 f9 67 f9 65 f9 63 f9 61 f9 65 f9 5d f9 66 f9 5e f9 61 f9 
5e f9 65 f9 5e f9 63 f9 61 f9 66 f9 63 f9 6a f9 62 f9 6a f9 69 f9 6a f9 68 f9 6c f9 69 f9 74 f9 
6d f9 72 f9 70 f9 75 f9 70 f9 75 f9 74 f9 76 f9 75 f9 78 f9 73 f9 79 f9 74 f9 77 f9 76 f9 77 f9 
74 f9 75 f9 6e f9 7b f9 77 f9 78 f9 6f f9 76 f9 73 f9 75 f9 6e f9 72 f9 c7 7a 2f 5f b0 77 5a e7 
fd 42 39 5e 31 43 ec ba 00 00 00 00 00 00 00 be 44 01 00 00 00 00 15 d6 3e 00 00 01 69 1b a3 b6 
00 15 d6 3e 20 32 00 2d 40 04 00 10 00 00 00 00 ef f8 ec f8 ed f8 ec f8 ed f8 ec f8 ed f8 ec f8 
ef f8 eb f8 ec f8 e9 f8 eb f8 ef f8 ee f8 e9 f8 ef f8 ea f8 f0 f8 ec f8 ee f8 e9 f8 ee f8 ee f8 
eb f8 eb f8 ee f8 ec f8 ee f8 ec f8 ee f8 e9 f8 ed f8 ec f8 ee f8 eb f8 ee f8 ec f8 ed f8 e9 f8 
ec f8 eb f8 ef f8 ec f8 ee f8 ed f8 f0 f8 ed f8 ef f8 ec f8 ed f8 ee f8 eb f8 ec f8 ef f8 eb f8 
ef f8 ea f8 ed f8 eb f8 ea f8 eb f8 eb f8 ed f8 ee f8 eb f8 ec f8 ec f8 eb f8 ee f8 ef f8 eb f8 
ed f8 eb f8 ee f8 ee f8 ed f8 eb f8 ee f8 ec f8 f0 f8 ed f8 ed f8 eb f8 ee f8 ec f8 eb f8 ed f8 
ec f8 ec f8 ed f8 eb f8 ec f8 eb f8 eb f8 ea f8 ef f8 eb f8 ef f8 ed f8 ee f8 ed f8 ef f8 ed f8 
ed f8 ed f8 ec f8 ed f8 ed f8 ec f8 ee f8 eb f8 ed f8 ed f8 ef f8 e9 f8 ed f8 ef f8 ec f8 e9 f8 
ed f8 ec f8 ee f8 eb f8 ef f8 eb f8 eb f8 ec f8 ed f8 ed f8 ef f8 ed f8 ed f8 ee f8 ec f8 ee f8 
eb f8 e9 f8 ec f8 ea f8 ef f8 ec f8 eb f8 eb f8 ed f8 ec f8 eb f8 eb f8 f0 f8 ec f8 ef f8 ea f8 
f0 f8 ed f8 ed f8 eb f8 ef f8 ec f8 ef f8 eb f8 ef f8 e7 f8 ef f8 eb f8 f1 f8 eb f8 ec f8 eb f8 
eb f8 ee f8 ed f8 ec f8 ee f8 ee f8 ed f8 eb f8 ef f8 ec f8 ef f8 ef f8 ef f8 eb f8 ef f8 eb f8 
ed f8 ee f8 ef f8 ef f8 ed f8 eb f8 ee f8 ed f8 ee f8 ea f8 ed f8 e9 f8 ec f8 e8 f8 ee f8 f0 f8 
eb f8 ea f8 ee f8 f0 f8 ed f8 eb f8 ee f8 ed f8 ed f8 eb f8 ee f8 ee f8 ef f8 ee f8 ec f8 eb f8 
eb f8 ec f8 ef f8 eb f8 ec f8 eb f8 ed f8 ed f8 ec f8 ed f8 ec f8 ea f8 ed f8 f0 f8 ed f8 ed f8 
ed f8 ee f8 eb f8 ed f8 f0 f8 ec f8 ed f8 ed f8 ed f8 eb f8 eb f8 eb f8 ec f8 f0 f8 ee f8 eb f8 
eb f8 eb f8 ed f8 e9 f8 ee f8 ec f8 ed f8 eb f8 ef f8 ea f8 ee f8 eb f8 ee f8 eb f8 eb f8 ea f8 
ed f8 eb f8 ee f8 eb f8 ef f8 ec f8 ee f8 ed f8 ec f8 ec f8 f0 f8 ee f8 ed f8 eb f8 ed f8 ee f8 
eb f8 ec f8 ed f8 ea f8 eb f8 e8 f8 ee f8 eb f8 ed f8 eb f8 ef f8 ec f8 f2 f8 ee f8 eb f8 e9 f8 
ec f8 ed f8 ef f8 ee f8 ed f8 ec f8 ee f8 ec f8 f0 f8 eb f8 ec f8 eb f8 ec f8 ed f8 ee f8 eb f8 
f0 f8 eb f8 f0 f8 e9 f8 ed f8 ee f8 f0 f8 ee f8 ed f8 f0 f8 ed f8 ec f8 ed f8 eb f8 ec f8 ec f8 
eb f8 eb f8 ee f8 eb f8 ee f8 ec f8 eb f8 eb f8 ef f8 ee f8 ec f8 eb f8 ec f8 eb f8 eb f8 ed f8 
eb f8 ec f8 eb f8 eb f8 f1 f8 eb f8 ef f8 ec f8 ee f8 ee f8 ea f8 e8 f8 ee f8 e9 f8 eb f8 eb f8 
c6 e0 2e ca b1 d2 5b 72 fc f0 f8 fd 30 ed ed 20 00 00 00 00 00 00 00 be 3b 9a 9f 63 b6 00 01 e9 
0b 1b a3 b6 00 70 07 f7 fc 01 2a 81 0b 06 20 48 00 00 00 00 00 05 01 08 44 00 00 03 20 00 1d 5a 
10 e0 00 06 41 1b a3 b6 00 1d 5a 11 00 c8 00 c8 40 04 00 00 00 00 00 00 fa f8 fc f8 fe f8 fb f8 
fe f8 fb f8 00 f9 fe f8 ff f8 fb f8 00 f9 fc f8 fd f8 fb f8 ff f8 fb f8 00 f9 fa f8 fd f8 fa f8 
00 f9 fc f8 ff f8 f8 f8 00 f9 fb f8 fd f8 fa f8 fd f8 fc f8 01 f9 fc f8 fe f8 fb f8 01 f9 fb f8 
01 f9 fd f8 fc f8 fc f8 00 f9 fb f8 fc f8 fc f8 fe f8 f8 f8 01 f9 f9 f8 00 f9 fc f8 ff f8 fd f8 
ff f8 fc f8 ff f8 fd f8 01 f9 fb f8 00 f9 fc f8 fc f8 fd f8 01 f9 f9 f8 fe f8 fa f8 fc f8 f9 f8 
00 f9 fd f8 03 f9 fc f8 fe f8 fc f8 ff f8 fd f8 01 f9 f8 f8 fc f8 fc f8 fc f8 fb f8 01 f9 f8 f8 
00 f9 fd f8 00 f9 fc f8 fc f8 f9 f8 03 f9 fc f8 03 f9 fc f8 fe f8 fa f8 03 f9 fc f8 fe f8 fa f8 
ff f8 fc f8 00 f9 fc f8 fc f8 fc f8 00 f9 fc f8 fd f8 fd f8 03 f9 f8 f8 00 f9 f9 f8 01 f9 fe f8 
00 f9 fa f8 03 f9 f8 f8 fe f8 fc f8 ff f8 f9 f8 fe f8 f8 f8 fe f8 fd f8 fe f8 f8 f8 fc f8 fd f8 
fe f8 fb f8 00 f9 fc f8 fe f8 fc f8 fe f8 fa f8 00 f9 fb f8 00 f9 fd f8 fc f8 f9 f8 02 f9 f8 f8 
ff f8 f8 f8 fc f8 fe f8 03 f9 fe f8 fd f8 fc f8 01 f9 f9 f8 00 f9 f9 f8 fc f8 ff f8 00 f9 fc f8 
fb f8 fe f8 00 f9 fe f8 fd f8 fc f8 00 f9 fa f8 fe f8 f9 f8 fd f8 fa f8 01 f9 f9 f8 fe f8 fc f8 
03 f9 fe f8 fe f8 f9 f8 00 f9 fc f8 01 f9 fc f8 fe f8 f9 f8 00 f9 f9 f8 fc f8 fb f8 02 f9 fc f8 
00 f9 fa f8 00 f9 fc f8 00 f9 fc f8 fd f8 fb f8 fe f8 fc f8 ff f8 fc f8 fe f8 fc f8 01 f9 fc f8 
ff f8 fc f8 ff f8 fc f8 fb f8 fe f8 fe f8 fe f8 00 f9 fd f8 00 f9 fa f8 fe f8 fd f8 00 f9 fc f8 
ff f8 fc f8 fe f8 fc f8 00 f9 fb f8 fd f8 fd f8 01 f9 fc f8 fd f8 f9 f8 fe f8 fa f8 fe f8 fc f8 
fd f8 fa f8 fd f8 fb f8 fe f8 fc f8 00 f9 fc f8 fe f8 f9 f8 00 f9 fb f8 00 f9 f7 f8 fe f8 fa f8 
00 f9 fc f8 fe f8 f9 f8 ff f8 fd f8 03 f9 f8 f8 fd f8 fa f8 01 f9 ff f8 fe f8 fc f8 00 f9 fd f8 
00 f9 f8 f8 fe f8 fc f8 00 f9 fa f8 01 f9 fb f8 00 f9 fd f8 01 f9 fa f8 00 f9 fb f8 fe f8 ff f8 
00 f9 fc f8 01 f9 fc f8 00 f9 fd f8 fe f8 fc f8 fc f8 fb f8 fe f8 fa f8 fe f8 f8 f8 02 f9 fe f8 
00 f9 f4 f8 fc f8 fd f8 04 f9 f9 f8 fc f8 f6 f8 00 f9 03 f9 02 f9 f6 f8 fc f8 fb f8 01 f9 f8 f8 
fb f8 fe f8 04 f9 fe f8 fc f8 fa f8 03 f9 fc f8 fd f8 f5 f8 fd f8 01 f9 03 f9 fa f8 fc f8 fb f8 
03 f9 fd f8 fa f8 f8 f8 00 f9 fc f8 00 f9 f9 f8 fe f8 00 f9 03 f9 fc f8 fd f8 fa f8 01 f9 fc f8 
00 f9 fd f8 00 f9 f8 f8 01 f9 fb f8 fe f8 fc f8 fd f8 fc f8 00 f9 fd f8 fb f8 f8 f8 03 f9 fd f8 
00 f9 f8 f8 fb f8 f8 f8 03 f9 fc f8 fd f8 f9 f8 00 f9 02 f9 fc f8 fa f8 fa f8 fc f8 03 f9 fa f8 
fd f8 f8 f8 00 f9 fd f8 03 f9 fa f8 fc f8 fb f8 01 f9 f9 f8 fd f8 f8 f8 fe f8 fc f8 01 f9 fc f8 
fd f8 fb f8 ff f8 f7 f8 fd f8 ff f8 fe f8 fd f8 fe f8 fa f8 fd f8 fc f8 01 f9 fb f8 00 f9 fc f8 
01 f9 fc f8 ff f8 fa f8 01 f9 f9 f8 fe f8 fc f8 fc f8 fc f8 ff f8 fb f8 ff f8 f9 f8 00 f9 fb f8 
00 f9 fb f8 fe f8 fc f8 fd f8 fa f8 02 f9 fc f8 fb f8 fa f8 fe f8 fc f8 01 f9 fc f8 fc f8 fc f8 
00 f9 fa f8 00 f9 f8 f8 fe f8 fb f8 fe f8 fc f8 fe f8 f8 f8 fe f8 fa f8 fe f8 fc f8 01 f9 fc f8 
fe f8 fd f8 ff f8 f9 f8 fe f8 fd f8 01 f9 fd f8 03 f9 fb f8 00 f9 fc f8 fe f8 fb f8 03 f9 ff f8 
01 f9 f8 f8 ff f8 fe f8 fd f8 fb f8 01 f9 fc f8 fe f8 fb f8 fe f8 fd f8 00 f9 ff f8 00 f9 ff f8 
fa f8 fa f8 00 f9 ff f8 01 f9 f4 f8 fa f8 fe f8 05 f9 f9 f8 fb f8 fa f8 fe f8 fb f8 03 f9 f8 f8 
00 f9 ff f8 ff f8 fa f8 fd f8 f9 f8 01 f9 fd f8 00 f9 f7 f8 fe f8 ff f8 fc f8 f9 f8 fc f8 ff f8 
03 f9 fb f8 ff f8 fd f8 00 f9 fc f8 ff f8 f8 f8 ff f8 fe f8 fe f8 f9 f8 fa f8 f8 f8 04 f9 fc f8 
ff f8 fc f8 fc f8 f9 f8 fe f8 f8 f8 fe f8 fd f8 fe f8 fc f8 fc f8 f9 f8 fe f8 f8 f8 01 f9 f8 f8 
ff f8 fd f8 00 f9 ff f8 04 f9 f8 f8 fc f8 f9 f8 02 f9 fe f8 fe f8 f6 f8 fc f8 02 f9 03 f9 fa f8 
fb f8 fb f8 fe f8 ff f8 00 f9 f7 f8 fc f8 fe f8 05 f9 fa f8 fa f8 f6 f8 00 f9 fd f8 ff f8 f8 f8 
fc f8 00 f9 01 f9 f9 f8 fc f8 fb f8 00 f9 fa f8 fa f8 f7 f8 ff f8 fb f8 02 f9 f9 f8 01 f9 fd f8 
00 f9 fc f8 ff f8 f9 f8 00 f9 fd f8 fe f8 fc f8 fc f8 fa f8 04 f9 f8 f8 fb f8 fa f8 03 f9 fa f8 
03 f9 f8 f8 00 f9 fe f8 00 f9 f8 f8 00 f9 fc f8 fe f8 fb f8 fd f8 fc f8 ff f8 fd f8 fe f8 fc f8 
fe f8 f9 f8 fe f8 ff f8 01 f9 fb f8 00 f9 f8 f8 fe f8 fb f8 00 f9 fb f8 03 f9 fb f8 00 f9 fb f8 
ff f8 fe f8 fe f8 fe f8 00 f9 fc f8 00 f9 fd f8 fc f8 fb f8 01 f9 fc f8 fc f8 fb f8 fc f8 fc f8 
01 f9 fe f8 fc f8 fb f8 00 f9 fb f8 fb f8 f9 f8 01 f9 fb f8 fd f8 fc f8 ff f8 fd f8 01 f9 f8 f8 
fe f8 fb f8 02 f9 fa f8 fe f8 fa f8 03 f9 f8 f8 fb f8 f8 f8 ff f8 fc f8 fd f8 f6 f8 02 f9 fd f8 
02 f9 f8 f8 fc f8 fe f8 fe f8 fb f8 ff f8 fa f8 01 f9 f8 f8 fd f8 f8 f8 ff f8 fc f8 02 f9 f8 f8 
00 f9 fd f8 fe f8 fc f8 ff f8 fa f8 00 f9 fb f8 fe f8 f8 f8 fd f8 fd f8 ff f8 f9 f8 fc f8 fc f8 
00 f9 fa f8 fc f8 f9 f8 fe f8 fa f8 fc f8 f9 f8 00 f9 fb f8 01 f9 fb f8 fb f8 fc f8 fc f8 fb f8 
01 f9 f9 f8 03 f9 fa f8 fd f8 fc f8 fe f8 f8 f8 fc f8 f8 f8 ff f8 f9 f8 fd f8 fa f8 fc f8 fa f8 
02 f9 fc f8 ff f8 fa f8 fc f8 fc f8 03 f9 f9 f8 00 f9 fa f8 03 f9 fc f8 fc f8 f8 f8 fc f8 fb f8 
fe f8 f8 f8 01 f9 fb f8 01 f9 fb f8 fe f8 fa f8 00 f9 f9 f8 01 f9 f9 f8 fe f8 fd f8 03 f9 fc f8 
fc f8 fc f8 ff f8 ff f8 00 f9 fb f8 fd f8 fc f8 00 f9 f9 f8 00 f9 fa f8 fe f8 fa f8 00 f9 fb f8 
00 f9 fa f8 00 f9 fc f8 00 f9 fb f8 fe f8 fd f8 fe f8 fa f8 01 f9 fb f8 01 f9 f9 f8 00 f9 f9 f8 
01 f9 fc f8 fe f8 fb f8 fd f8 fb f8 00 f9 fb f8 fd f8 fb f8 03 f9 fd f8 fc f8 fb f8 ff f8 01 f9 
01 f9 fd f8 fe f8 fa f8 00 f9 f9 f8 03 f9 f9 f8 fc f8 fa f8 fd f8 fa f8 fc f8 fc f8 00 f9 fb f8 
fc f8 f8 f8 02 f9 ff f8 00 f9 fd f8 fd f8 fd f8 ff f8 fb f8 fc f8 f8 f8 ff f8 f9 f8 ff f8 fc f8 
fc f8 f9 f8 ff f8 fb f8 00 f9 fb f8 fe f8 f8 f8 fd f8 fa f8 fe f8 fd f8 fc f8 fc f8 00 f9 fc f8 
ff f8 fa f8 fe f8 fc f8 fe f8 fe f8 fc f8 ff f8 fe f8 f6 f8 ff f8 fa f8 00 f9 f8 f8 fc f8 fd f8 
02 f9 fa f8 fe f8 fb f8 fc f8 ff f8 fe f8 f9 f8 ff f8 f8 f8 fd f8 f9 f8 03 f9 fc f8 03 f9 fc f8 
fe f8 fa f8 05 f9 fa f8 fc f8 f9 f8 ff f8 fe f8 03 f9 f8 f8 fe f8 fe f8 00 f9 f8 f8 00 f9 fc f8 
00 f9 fd f8 fe f8 fb f8 00 f9 fc f8 02 f9 fc f8 fd f8 fa f8 03 f9 fd f8 fa f8 f9 f8 01 f9 fd f8 
00 f9 f9 f8 00 f9 ff f8 fd f8 f9 f8 f7 f8 fe f8 08 f9 fe f8 fe f8 f6 f8 fd f8 fe f8 02 f9 fb f8 
f7 f8 fc f8 01 f9 fd f8 ff f8 f5 f8 01 f9 fd f8 01 f9 fb f8 f6 f8 f9 f8 01 f9 fd f8 02 f9 f3 f8 
fe f8 ff f8 00 f9 fd f8 fa f8 fb f8 00 f9 fb f8 00 f9 f5 f8 fe f8 00 f9 ff f8 f6 f8 00 f9 fc f8 
04 f9 fe f8 f9 f8 fa f8 04 f9 fd f8 00 f9 f6 f8 fd f8 ff f8 04 f9 f7 f8 fb f8 f7 f8 05 f9 ff f8 
fc f8 f6 f8 00 f9 00 f9 01 f9 fa f8 f9 f8 fc f8 01 f9 fb f8 fd f8 fb f8 01 f9 fb f8 fc f8 fb f8 
fd f8 fb f8 00 f9 fb f8 fd f8 fa f8 fe f8 f9 f8 01 f9 fa f8 00 f9 f8 f8 ff f8 fe f8 01 f9 f8 f8 
00 f9 fd f8 ff f8 fd f8 fd f8 f9 f8 fe f8 ff f8 00 f9 fa f8 00 f9 fd f8 fe f8 fa f8 00 f9 fc f8 
02 f9 fc f8 ff f8 fb f8 00 f9 fb f8 00 f9 fa f8 fd f8 fa f8 fe f8 fa f8 fc f8 f9 f8 00 f9 ff f8 
fe f8 fd f8 fe f8 fa f8 ff f8 fd f8 fe f8 fc f8 ff f8 f8 f8 00 f9 fa f8 00 f9 fc f8 fc f8 fb f8 
00 f9 fc f8 00 f9 f9 f8 00 f9 fa f8 00 f9 fd f8 fe f8 f6 f8 ff f8 fd f8 ff f8 fc f8 fe f8 fe f8 
00 f9 fc f8 ff f8 f9 f8 fe f8 fc f8 fe f8 fa f8 ff f8 f7 f8 00 f9 fb f8 fe f8 fa f8 04 f9 fc f8 
00 f9 f9 f8 fe f8 fb f8 03 f9 fc f8 fe f8 f9 f8 ff f8 fe f8 fe f8 f9 f8 ff f8 fd f8 03 f9 fd f8 
fd f8 f6 f8 00 f9 fe f8 fc f8 f8 f8 fc f8 fb f8 fd f8 f8 f8 fe f8 fe f8 00 f9 f8 f8 fc f8 fc f8 
01 f9 fd f8 fc f8 fa f8 ff f8 fe f8 fe f8 f8 f8 fc f8 f7 f8 03 f9 fc f8 fd f8 f8 f8 ff f8 fb f8 
fd f8 fb f8 fd f8 fc f8 ff f8 fc f8 fd f8 fb f8 00 f9 fa f8 fe f8 fb f8 fb f8 fd f8 fe f8 fc f8 
fd f8 f8 f8 03 f9 fc f8 fc f8 f7 f8 ff f8 fe f8 00 f9 f8 f8 fe f8 fe f8 00 f9 fe f8 fe f8 f8 f8 
01 f9 ff f8 02 f9 fc f8 00 f9 fa f8 ff f8 fb f8 00 f9 fb f8 fd f8 fa f8 03 f9 fb f8 fc f8 f9 f8 
fe f8 fa f8 fc f8 fb f8 fe f8 fa f8 fe f8 fc f8 fc f8 f7 f8 ff f8 fc f8 fe f8 fd f8 ff f8 fc f8 
00 f9 fc f8 00 f9 fe f8 01 f9 fa f8 01 f9 f7 f8 fc f8 f9 f8 fe f8 f9 f8 ff f8 fe f8 00 f9 fe f8 
fd f8 f7 f8 00 f9 fe f8 01 f9 fd f8 fe f8 fa f8 ff f8 fa f8 fc f8 fb f8 00 f9 f8 f8 fe f8 fe f8 
00 f9 fc f8 fe f8 fc f8 ff f8 fb f8 fe f8 fc f8 fc f8 f8 f8 03 f9 fc f8 fc f8 f8 f8 fc f8 fc f8 
00 f9 fa f8 fe f8 fa f8 00 f9 fc f8 00 f9 f9 f8 fc f8 fa f8 fc f8 fa f8 02 f9 fd f8 00 f9 fd f8 
fd f8 fe f8 ff f8 f9 f8 ff f8 fc f8 ff f8 fa f8 00 f9 f8 f8 fc f8 fc f8 00 f9 fb f8 fe f8 fa f8 
04 f9 f9 f8 fe f8 f9 f8 ff f8 fd f8 00 f9 fb f8 ff f8 fc f8 01 f9 fb f8 fe f8 f9 f8 00 f9 fa f8 
fe f8 fa f8 fd f8 fe f8 fe f8 fc f8 ff f8 fe f8 00 f9 fb f8 fc f8 fc f8 ff f8 fb f8 01 f9 f8 f8 
00 f9 fd f8 ff f8 fc f8 fe f8 f8 f8 05 f9 fc f8 fa f8 f8 f8 ff f8 fd f8 04 f9 fb f8 fc f8 f8 f8 
00 f9 fd f8 01 f9 f9 f8 fd f8 fc f8 ff f8 fb f8 fd f8 f9 f8 fe f8 ff f8 00 f9 f9 f8 fd f8 00 f9 
03 f9 f8 f8 fa f8 fc f8 03 f9 fc f8 fe f8 fb f8 fc f8 fc f8 fe f8 fa f8 fe f8 fd f8 ff f8 f8 f8 
fd f8 f9 f8 02 f9 fd f8 fc f8 fa f8 fe f8 fc f8 ff f8 f8 f8 01 f9 ff f8 00 f9 fb f8 fb f8 fd f8 
04 f9 fd f8 00 f9 fc f8 02 f9 fc f8 fd f8 fa f8 fc f8 fc f8 00 f9 fb f8 fc f8 fd f8 01 f9 fc f8 
00 f9 fb f8 00 f9 fc f8 fe f8 fb f8 fc f8 fd f8 00 f9 f9 f8 fe f8 f8 f8 ff f8 fd f8 ff f8 f8 f8 
00 f9 fd f8 03 f9 f8 f8 fe f8 f8 f8 02 f9 fb f8 fc f8 fb f8 00 f9 fb f8 fd f8 f9 f8 00 f9 ff f8 
01 f9 fd f8 fd f8 f9 f8 00 f9 fb f8 fe f8 fb f8 ff f8 fc f8 ff f8 f9 f8 00 f9 fc f8 ff f8 fc f8 
fe f8 fc f8 fe f8 f8 f8 00 f9 fe f8 00 f9 fc f8 00 f9 fe f8 fc f8 fa f8 fe f8 fd f8 03 f9 f9 f8 
01 f9 f8 f8 00 f9 fa f8 fe f8 fc f8 fc f8 fc f8 fc f8 fa f8 01 f9 fc f8 fe f8 fd f8 00 f9 f9 f8 
fd f8 fd f8 00 f9 fc f8 00 f9 fc f8 ff f8 00 f9 fe f8 f9 f8 fd f8 fc f8 00 f9 fb f8 01 f9 fb f8 
01 f9 fc f8 fc f8 fe f8 fa f8 f6 f8 00 f9 fa f8 00 f9 fa f8 00 f9 fd f8 00 f9 fd f8 fd f8 fa f8 
01 f9 fb f8 00 f9 f7 f8 01 f9 fe f8 01 f9 fb f8 fc f8 fa f8 fe f8 00 f9 fc f8 f9 f8 04 f9 ff f8 
03 f9 fa f8 fc f8 fc f8 04 f9 fa f8 fc f8 f9 f8 00 f9 fc f8 00 f9 f6 f8 fc f8 fc f8 ff f8 f9 f8 
fb f8 fb f8 02 f9 fd f8 fe f8 f8 f8 00 f9 fe f8 fd f8 f8 f8 fc f8 fc f8 11 01 5a 18 40 20 a3 78 
04 06 00 0b 20 0c 1d 58 00 00 00 00 00 00 03 2a 44 00 40 00 00 00 1d 5a 10 e0 00 06 41 1b a3 b6 
00 1d 5a 11 00 c8 00 c8 40 04 00 04 00 00 00 00 b7 f8 d7 f8 56 f9 2e f9 56 f9 2e f9 0b f9 dc f8 
b4 f8 a4 f8 aa f8 bd f8 e1 f8 06 f9 36 f9 5f f9 83 f9 88 f9 7f f9 74 f9 54 f9 29 f9 fc f8 cd f8 
b3 f8 a4 f8 aa f8 be f8 e6 f8 13 f9 41 f9 65 f9 7b f9 86 f9 82 f9 6f f9 4d f9 1d f9 f3 f8 c9 f8 
b2 f8 a3 f8 ac f8 c8 f8 f0 f8 18 f9 47 f9 69 f9 84 f9 87 f9 7d f9 67 f9 45 f9 18 f9 ee f8 c1 f8 
ab f8 a0 f8 b7 f8 cd f8 fa f8 24 f9 4e f9 72 f9 84 f9 84 f9 7c f9 61 f9 3a f9 0d f9 e6 f8 c1 f8 
a8 f8 a4 f8 b9 f8 d7 f8 02 f9 2d f9 55 f9 72 f9 88 f9 86 f9 79 f9 54 f9 31 f9 04 f9 da f8 b7 f8 
a3 f8 a6 f8 be f8 e0 f8 08 f9 34 f9 61 f9 7a f9 8a f9 81 f9 70 f9 52 f9 2c f9 fb f8 d2 f8 af f8 
a4 f8 aa f8 c1 f8 e6 f8 13 f9 40 f9 64 f9 7d f9 8a f9 80 f9 6d f9 47 f9 20 f9 f5 f8 cb f8 ab f8 
a8 f8 aa f8 ca f8 f0 f8 1f f9 48 f9 68 f9 80 f9 86 f9 7a f9 65 f9 43 f9 1a f9 eb f8 c5 f8 a9 f8 
a4 f8 b3 f8 d1 f8 f7 f8 26 f9 4e f9 71 f9 80 f9 86 f9 7a f9 5f f9 3c f9 13 f9 e2 f8 bc f8 a8 f8 
a8 f8 b7 f8 d8 f8 01 f9 2f f9 5a f9 74 f9 86 f9 84 f9 75 f9 58 f9 30 f9 07 f9 d9 f8 ba f8 a5 f8 
aa f8 be f8 e2 f8 0a f9 37 f9 5c f9 7e f9 85 f9 81 f9 6f f9 53 f9 29 f9 fe f8 cf f8 b2 f8 9f f8 
ae f8 c0 f8 e8 f8 10 f9 3e f9 63 f9 7d f9 88 f9 7f f9 6a f9 4b f9 20 f9 f7 f8 cb f8 ae f8 a0 f8 
ae f8 ca f8 ef f8 1b f9 47 f9 6b f9 84 f9 88 f9 7f f9 66 f9 46 f9 19 f9 ec f8 c1 f8 ad f8 a4 f8 
b6 f8 d1 f8 f6 f8 23 f9 52 f9 6e f9 84 f9 87 f9 79 f9 5f f9 3d f9 0d f9 e6 f8 be f8 a8 f8 a6 f8 
bc f8 d4 f8 06 f9 2e f9 57 f9 78 f9 87 f9 81 f9 75 f9 58 f9 30 f9 03 f9 d8 f8 b6 f8 a8 f8 a8 f8 
be f8 dc f8 0e f9 3a f9 61 f9 7a f9 87 f9 81 f9 76 f9 54 f9 29 f9 ff f8 d2 f8 b2 f8 a9 f8 a9 f8 
c2 f8 e5 f8 12 f9 40 f9 6a f9 7b f9 87 f9 80 f9 6b f9 4a f9 25 f9 f5 f8 cd f8 ab f8 a5 f8 ad f8 
cd f8 f0 f8 1e f9 48 f9 6b f9 7f f9 87 f9 7d f9 68 f9 43 f9 1b f9 eb f8 c5 f8 a8 f8 a2 f8 b3 f8 
d0 f8 f5 f8 2a f9 4d f9 74 f9 80 f9 86 f9 7a f9 60 f9 36 f9 10 f9 e1 f8 c2 f8 a9 f8 a8 f8 b4 f8 
d8 f8 01 f9 32 f9 58 f9 75 f9 85 f9 84 f9 76 f9 5a f9 2f f9 02 f9 da f8 bb f8 a6 f8 a6 f8 bb f8 
dd f8 0b f9 37 f9 5e f9 76 f9 81 f9 87 f9 78 f9 53 f9 26 f9 fc f8 d5 f8 b9 f8 a0 f8 a6 f8 c0 f8 
eb f8 13 f9 41 f9 66 f9 7d f9 86 f9 84 f9 6c f9 49 f9 1c f9 f7 f8 cb f8 b3 f8 a5 f8 ac f8 c5 f8 
f3 f8 1c f9 4a f9 68 f9 84 f9 86 f9 81 f9 66 f9 42 f9 15 f9 f2 f8 c5 f8 ae f8 9e f8 b2 f8 cf f8 
f9 f8 27 f9 4f f9 6f f9 86 f9 85 f9 7b f9 5c f9 37 f9 0d f9 e5 f8 bd f8 a9 f8 a1 f8 b7 f8 d8 f8 
02 f9 2a f9 57 f9 76 f9 88 f9 83 f9 75 f9 58 f9 32 f9 05 f9 d8 f8 b7 f8 a3 f8 a2 f8 bd f8 e1 f8 
0b f9 36 f9 5a f9 78 f9 8a f9 81 f9 72 f9 51 f9 2b f9 00 f9 d5 f8 ad f8 a0 f8 ab f8 c5 f8 e6 f8 
14 f9 3d f9 69 f9 7f f9 87 f9 78 f9 69 f9 4f f9 26 f9 f3 f8 ca f8 af f8 a7 f8 ab f8 c8 f8 eb f8 
1d f9 47 f9 6a f9 7c f9 84 f9 7c f9 69 f9 3f f9 16 f9 ea f8 c9 f8 a9 f8 a2 f8 af f8 d0 f8 f6 f8 
26 f9 4f f9 71 f9 81 f9 85 f9 78 f9 5d f9 3a f9 0f f9 e1 f8 be f8 a8 f8 a5 f8 b5 f8 d7 f8 fd f8 
30 f9 56 f9 77 f9 85 f9 84 f9 75 f9 5b f9 31 f9 08 f9 dc f8 ba f8 a7 f8 a9 f8 b9 f8 e0 f8 0b f9 
36 f9 5a f9 7c f9 88 f9 84 f9 6e f9 4f f9 29 f9 00 f9 d5 f8 b4 f8 a1 f8 ab f8 c2 f8 e9 f8 0e f9 
40 f9 69 f9 81 f9 84 f9 7d f9 6a f9 4f f9 21 f9 f3 f8 c7 f8 b1 f8 a7 f8 af f8 c4 f8 ee f8 1d f9 
50 f9 6d f9 7e f9 83 f9 7d f9 67 f9 41 f9 14 f9 eb f8 c6 f8 ac f8 a1 f8 b3 f8 cd f8 f9 f8 23 f9 
51 f9 6e f9 84 f9 83 f9 7b f9 5f f9 3c f9 0b f9 e5 f8 be f8 aa f8 a3 f8 b9 f8 d6 f8 03 f9 2e f9 
53 f9 75 f9 87 f9 88 f9 77 f9 5a f9 30 f9 05 f9 dc f8 b6 f8 a6 f8 a7 f8 c1 f8 de f8 04 f9 33 f9 
63 f9 7a f9 88 f9 82 f9 71 f9 51 f9 2e f9 fd f8 d3 f8 b0 f8 a5 f8 ac f8 c3 f8 e6 f8 12 f9 3e f9 
6a f9 7b f9 87 f9 7f f9 6e f9 4a f9 1e f9 f1 f8 cc f8 b2 f8 a5 f8 a8 f8 c9 f8 ef f8 1e f9 47 f9 
6b f9 80 f9 8a f9 7d f9 6a f9 40 f9 17 f9 ef f8 c5 f8 a7 f8 a4 f8 b2 f8 d4 f8 f6 f8 23 f9 4b f9 
71 f9 84 f9 85 f9 78 f9 5f f9 38 f9 11 f9 e1 f8 be f8 a9 f8 a7 f8 b4 f8 d6 f8 ff f8 2c f9 57 f9 
75 f9 86 f9 85 f9 73 f9 57 f9 31 f9 08 f9 dc f8 b6 f8 a3 f8 ab f8 bc f8 e0 f8 04 f9 37 f9 61 f9 
7c f9 86 f9 81 f9 6f f9 53 f9 2a f9 fe f8 d3 f8 b7 f8 a6 f8 ac f8 c0 f8 e9 f8 11 f9 3d f9 64 f9 
7d f9 86 f9 81 f9 70 f9 49 f9 1e f9 f2 f8 ca f8 af f8 a3 f8 ab f8 c5 f8 f2 f8 18 f9 48 f9 69 f9 
84 f9 88 f9 7f f9 65 f9 45 f9 17 f9 ed f8 c3 f8 ae f8 a0 f8 b1 f8 ce f8 fb f8 24 f9 52 f9 70 f9 
82 f9 88 f9 7b f9 5c f9 3c f9 0f f9 e6 f8 c2 f8 a8 f8 a2 f8 b5 f8 d8 f8 03 f9 2c f9 53 f9 73 f9 
8b f9 82 f9 75 f9 58 f9 36 f9 09 f9 dc f8 b7 f8 a6 f8 a9 f8 bd f8 dd f8 0a f9 33 f9 60 f9 7a f9 
89 f9 82 f9 71 f9 55 f9 2a f9 fe f8 cf f8 b2 f8 a6 f8 a6 f8 c5 f8 e6 f8 14 f9 40 f9 66 f9 7d f9 
8a f9 7c f9 6e f9 4c f9 25 f9 f7 f8 cb f8 af f8 a3 f8 ad f8 ca f8 f0 f8 1a f9 47 f9 6d f9 80 f9 
89 f9 7d f9 67 f9 47 f9 17 f9 e7 f8 c4 f8 a7 f8 a4 f8 af f8 d2 f8 f7 f8 28 f9 4d f9 71 f9 81 f9 
88 f9 78 f9 62 f9 3d f9 14 f9 e1 f8 bc f8 a6 f8 a5 f8 b7 f8 d8 f8 01 f9 2f f9 55 f9 78 f9 83 f9 
84 f9 72 f9 5a f9 32 f9 08 f9 db f8 b6 f8 a3 f8 a7 f8 ba f8 e1 f8 08 f9 38 f9 5c f9 7d f9 84 f9 
82 f9 6c f9 53 f9 27 f9 fb f8 d3 f8 b5 f8 a2 f8 ab f8 c3 f8 e6 f8 0e f9 41 f9 64 f9 7c f9 86 f9 
82 f9 6b f9 4b f9 1d f9 f6 f8 ca f8 ae f8 a6 f8 ae f8 c7 f8 ec f8 1d f9 4a f9 6b f9 85 f9 82 f9 
7f f9 66 f9 42 f9 14 f9 ee f8 c0 f8 aa f8 a7 f8 b5 f8 cf f8 f7 f8 23 f9 53 f9 70 f9 83 f9 7f f9 
7f f9 62 f9 3b f9 0d f9 e1 f8 bc f8 a8 f8 a0 f8 b4 f8 d4 f8 02 f9 2d f9 58 f9 72 f9 86 f9 80 f9 
7a f9 56 f9 33 f9 06 f9 db f8 b9 f8 a9 f8 a5 f8 bf f8 e0 f8 0c f9 34 f9 5f f9 76 f9 87 f9 7f f9 
72 f9 51 f9 27 f9 fd f8 d4 f8 b2 f8 a2 f8 ab f8 c1 f8 e6 f8 13 f9 40 f9 67 f9 7b f9 84 f9 7d f9 
6c f9 48 f9 20 f9 f5 f8 cb f8 b0 f8 a3 f8 aa f8 cb f8 ef f8 21 f9 45 f9 6b f9 80 f9 88 f9 7b f9 
65 f9 41 f9 18 f9 eb f8 c4 f8 a9 f8 a5 f8 b1 f8 d4 f8 f4 f8 23 f9 4f f9 73 f9 80 f9 88 f9 78 f9 
62 f9 3c f9 14 f9 e3 f8 be f8 a6 f8 a8 f8 b4 f8 d7 f8 fc f8 2f f9 58 f9 75 f9 81 f9 82 f9 72 f9 
58 f9 32 f9 05 f9 dc f8 b7 f8 a4 f8 ab f8 bb f8 e2 f8 0a f9 35 f9 5a f9 79 f9 7f f9 80 f9 72 f9 
53 f9 2a f9 01 f9 d1 f8 ae f8 a1 f8 af f8 c6 f8 ee f8 09 f9 3d f9 6a f9 80 f9 88 f9 7c f9 66 f9 
49 f9 21 f9 f6 f8 c4 f8 a7 f8 a4 f8 b1 f8 c7 f8 eb f8 14 f9 4b f9 6e f9 84 f9 82 f9 76 f9 68 f9 
41 f9 15 f9 eb f8 c0 f8 ab f8 a3 f8 b2 f8 cb f8 f8 f8 27 f9 50 f9 72 f9 87 f9 82 f9 7b f9 60 f9 
3d f9 11 f9 e2 f8 bb f8 ad f8 a4 f8 b8 f8 d6 f8 fd f8 2f f9 59 f9 76 f9 82 f9 7f f9 77 f9 5d f9 
33 f9 02 f9 d9 f8 b9 f8 ab f8 a6 f8 bb f8 dd f8 08 f9 37 f9 60 f9 7b f9 8b f9 7d f9 71 f9 50 f9 
2c f9 fe f8 d6 f8 b1 f8 a7 f8 ab f8 c8 f8 e9 f8 16 f9 3d f9 65 f9 7f f9 8b f9 80 f9 6a f9 4a f9 
23 f9 f7 f8 cc f8 ad f8 a7 f8 ab f8 c9 f8 ef f8 20 f9 49 f9 6e f9 80 f9 85 f9 80 f9 6a f9 40 f9 
16 f9 eb f8 c8 f8 aa f8 a5 f8 ab f8 ce f8 f6 f8 27 f9 4f f9 70 f9 82 f9 87 f9 7c f9 5f f9 3b f9 
10 f9 e4 f8 be f8 a9 f8 aa f8 b8 f8 d7 f8 01 f9 2d f9 56 f9 71 f9 84 f9 88 f9 76 f9 59 f9 2f f9 
08 f9 db f8 ba f8 a5 f8 a8 f8 bd f8 e0 f8 0b f9 37 f9 5a f9 79 f9 8a f9 83 f9 6f f9 52 f9 2a f9 
ff f8 d5 f8 b6 f8 a4 f8 ae f8 c2 f8 e8 f8 0f f9 41 f9 66 f9 81 f9 85 f9 7c f9 6e f9 4e f9 1d f9 
f3 f8 ca f8 af f8 a5 f8 ac f8 c9 f8 ee f8 19 f9 49 f9 6b f9 7e f9 80 f9 7b f9 68 f9 46 f9 17 f9 
ef f8 c5 f8 ab f8 a0 f8 b4 f8 cc f8 f8 f8 21 f9 54 f9 72 f9 84 f9 88 f9 79 f9 5d f9 3b f9 0f f9 
e3 f8 be f8 aa f8 a5 f8 b8 f8 d7 f8 fe f8 2a f9 57 f9 73 f9 85 f9 82 f9 78 f9 5a f9 2f f9 02 f9 
db f8 b7 f8 a5 f8 a6 f8 bc f8 de f8 0b f9 34 f9 5f f9 7c f9 8a f9 7d f9 6e f9 4f f9 29 f9 00 f9 
d2 f8 ae f8 a3 f8 ab f8 c6 f8 e8 f8 12 f9 40 f9 6b f9 7f f9 84 f9 7d f9 6e f9 4f f9 20 f9 ef f8 
cb f8 ad f8 a7 f8 af f8 c7 f8 eb f8 1c f9 4a f9 6e f9 7e f9 86 f9 7f f9 67 f9 43 f9 14 f9 e9 f8 
c8 f8 aa f8 a2 f8 b1 f8 ce f8 f7 f8 26 f9 4e f9 73 f9 83 f9 87 f9 7a f9 60 f9 39 f9 14 f9 e5 f8 
be f8 a8 f8 a8 f8 b6 f8 d6 f8 fd f8 2d f9 57 f9 78 f9 81 f9 84 f9 77 f9 5d f9 33 f9 08 f9 d9 f8 
b8 f8 a8 f8 aa f8 bc f8 e2 f8 0b f9 39 f9 5e f9 79 f9 86 f9 82 f9 71 f9 53 f9 27 f9 fc f8 d1 f8 
b5 f8 a7 f8 aa f8 bf f8 e9 f8 0f f9 44 f9 63 f9 7f f9 89 f9 80 f9 6c f9 4d f9 1e f9 f5 f8 cb f8 
ae f8 a1 f8 af f8 ca f8 ef f8 1b f9 48 f9 70 f9 84 f9 88 f9 7f f9 67 f9 47 f9 17 f9 ed f8 c5 f8 
ac f8 a7 f8 b6 f8 cd f8 f9 f8 26 f9 51 f9 71 f9 88 f9 88 f9 7c f9 62 f9 3b f9 0f f9 e3 f8 bd f8 
ab f8 a4 f8 bc f8 d6 f8 02 f9 2f f9 55 f9 75 f9 87 f9 83 f9 76 f9 58 f9 32 f9 02 f9 db f8 b7 f8 
a5 f8 a7 f8 bd f8 e1 f8 0b f9 38 f9 5f f9 7a f9 8c f9 85 f9 71 f9 51 f9 2b f9 fd f8 d7 f8 b3 f8 
a7 f8 a9 f8 c5 f8 e7 f8 15 f9 3f f9 65 f9 80 f9 86 f9 80 f9 6d f9 4a f9 20 f9 f6 f8 cb f8 ae f8 
a6 f8 af f8 cb f8 f3 f8 1e f9 48 f9 6d f9 80 f9 8a f9 80 f9 67 f9 45 f9 16 f9 ec f8 c9 f8 ad f8 
9e f8 b4 f8 d6 f8 f7 f8 26 f9 52 f9 71 f9 83 f9 88 f9 77 f9 5f f9 3b f9 13 f9 e4 f8 be f8 a6 f8 
a5 f8 b9 f8 d8 f8 ff f8 2f f9 5a f9 75 f9 85 f9 84 f9 73 f9 5c f9 31 f9 08 f9 d9 f8 b4 f8 a4 f8 
a9 f8 bd f8 dd f8 07 f9 36 f9 5d f9 7b f9 86 f9 82 f9 72 f9 52 f9 26 f9 03 f9 d3 f8 b5 f8 a1 f8 
ab f8 c1 f8 ec f8 10 f9 44 f9 63 f9 7f f9 8a f9 82 f9 6b f9 4a f9 23 f9 f4 f8 c9 f8 ae f8 a2 f8 
ac f8 c9 f8 ee f8 1c f9 49 f9 69 f9 7d f9 88 f9 7c f9 66 f9 44 f9 15 f9 ed f8 bf f8 ac f8 a2 f8 
b4 f8 cd f8 fb f8 26 f9 52 f9 72 f9 86 f9 83 f9 7c f9 60 f9 3b f9 12 f9 e6 f8 be f8 a8 f8 a5 f8 
ba f8 d7 f8 02 f9 2e f9 59 f9 7a f9 8a f9 81 f9 76 f9 5a f9 32 f9 0a f9 da f8 b4 f8 a9 f8 a7 f8 
be f8 dd f8 08 f9 36 f9 61 f9 78 f9 86 f9 7f f9 73 f9 54 f9 28 f9 fb f8 d4 f8 b4 f8 a8 f8 aa f8 
c5 f8 e6 f8 16 f9 3e f9 65 f9 7d f9 88 f9 7f f9 6e f9 4a f9 20 f9 f0 f8 cd f8 ab f8 a5 f8 ac f8 
cb f8 ed f8 1c f9 48 f9 6e f9 7e f9 84 f9 7e f9 69 f9 45 f9 16 f9 ee f8 c9 f8 aa f8 a7 f8 b1 f8 
d2 f8 f4 f8 26 f9 51 f9 75 f9 82 f9 83 f9 78 f9 61 f9 3b f9 12 f9 e2 f8 c2 f8 a6 f8 a6 f8 b3 f8 
d9 f8 01 f9 2f f9 58 f9 76 f9 85 f9 85 f9 74 f9 59 f9 30 f9 07 f9 dc f8 b7 f8 a0 f8 aa f8 bd f8 
e2 f8 07 f9 38 f9 60 f9 7d f9 88 f9 80 f9 71 f9 11 45 5b 51 41 b5 a3 13 05 da 41 b9 21 0a 1c 60 
00 00 00 00 00 00 03 2a 44 00 80 00 00 00 1d 5a 10 e0 00 06 41 1b a3 b6 00 1d 5a 11 00 c8 00 c8 
40 04 00 08 00 00 00 00 1e f9 20 f9 21 f9 1d f9 21 f9 1d f9 1e f9 21 f9 22 f9 1f f9 1d f9 20 f9 
22 f9 20 f9 1e f9 20 f9 21 f9 21 f9 1e f9 1b f9 1f f9 1e f9 20 f9 20 f9 22 f9 1f f9 20 f9 1e f9 
20 f9 1e f9 1f f9 1e f9 1e f9 20 f9 1e f9 1e f9 1f f9 1c f9 20 f9 1d f9 21 f9 1e f9 1e f9 1d f9 
22 f9 20 f9 21 f9 1e f9 20 f9 1f f9 22 f9 1d f9 22 f9 20 f9 21 f9 20 f9 1d f9 22 f9 22 f9 1e f9 
21 f9 1c f9 22 f9 1d f9 20 f9 1e f9 20 f9 1e f9 1d f9 23 f9 1f f9 21 f9 1f f9 20 f9 1e f9 1e f9 
20 f9 20 f9 22 f9 1e f9 20 f9 1b f9 20 f9 1d f9 24 f9 20 f9 1e f9 20 f9 22 f9 21 f9 1e f9 1b f9 
21 f9 1d f9 1e f9 1c f9 20 f9 1e f9 23 f9 20 f9 1f f9 1e f9 1e f9 20 f9 20 f9 1b f9 20 f9 21 f9 
1f f9 20 f9 1e f9 1e f9 22 f9 20 f9 1d f9 1b f9 1f f9 21 f9 20 f9 1c f9 20 f9 1f f9 20 f9 1d f9 
20 f9 1e f9 24 f9 20 f9 1f f9 20 f9 1e f9 1f f9 21 f9 22 f9 23 f9 1c f9 20 f9 1c f9 1e f9 1e f9 
1e f9 21 f9 22 f9 21 f9 1e f9 1e f9 1e f9 20 f9 1b f9 20 f9 1d f9 1d f9 1e f9 1d f9 20 f9 20 f9 
22 f9 22 f9 22 f9 1c f9 21 f9 21 f9 21 f9 1e f9 21 f9 20 f9 1d f9 22 f9 23 f9 1d f9 20 f9 1a f9 
1f f9 1d f9 1e f9 22 f9 1f f9 20 f9 1e f9 1d f9 1f f9 1d f9 1e f9 20 f9 21 f9 1c f9 20 f9 1b f9 
1d f9 1e f9 24 f9 1f f9 20 f9 1c f9 20 f9 1d f9 1f f9 22 f9 21 f9 20 f9 20 f9 21 f9 1d f9 20 f9 
20 f9 1b f9 1d f9 1d f9 20 f9 21 f9 1d f9 21 f9 1f f9 21 f9 1e f9 1e f9 22 f9 1f f9 20 f9 20 f9 
1f f9 1d f9 22 f9 20 f9 1f f9 24 f9 20 f9 1f f9 1c f9 21 f9 22 f9 20 f9 21 f9 1e f9 1d f9 1e f9 
25 f9 1d f9 1e f9 1e f9 22 f9 1f f9 24 f9 20 f9 22 f9 20 f9 21 f9 1d f9 20 f9 20 f9 20 f9 20 f9 
20 f9 1a f9 20 f9 1b f9 1f f9 20 f9 1e f9 1d f9 1f f9 1d f9 20 f9 1e f9 23 f9 20 f9 20 f9 1f f9 
1c f9 21 f9 22 f9 1d f9 20 f9 20 f9 20 f9 20 f9 1c f9 1c f9 22 f9 20 f9 21 f9 1b f9 1d f9 1b f9 
21 f9 1d f9 20 f9 1e f9 1f f9 1e f9 20 f9 1c f9 1e f9 20 f9 1f f9 1c f9 22 f9 20 f9 1e f9 1f f9 
1e f9 1e f9 21 f9 1e f9 20 f9 1d f9 1f f9 1e f9 1f f9 20 f9 1c f9 20 f9 22 f9 1c f9 20 f9 1e f9 
1d f9 20 f9 20 f9 20 f9 21 f9 20 f9 20 f9 1d f9 1f f9 1a f9 22 f9 1f f9 23 f9 20 f9 1d f9 20 f9 
20 f9 1d f9 1d f9 1b f9 1f f9 22 f9 21 f9 1e f9 1b f9 1c f9 23 f9 20 f9 1f f9 1d f9 21 f9 22 f9 
21 f9 1a f9 1a f9 1e f9 25 f9 20 f9 1e f9 1c f9 1c f9 20 f9 24 f9 1c f9 1d f9 1e f9 22 f9 22 f9 
20 f9 1b f9 1e f9 20 f9 24 f9 1d f9 1d f9 20 f9 21 f9 20 f9 1e f9 1c f9 1c f9 20 f9 22 f9 22 f9 
1f f9 20 f9 21 f9 24 f9 22 f9 1e f9 20 f9 1a f9 1f f9 1d f9 1f f9 1c f9 21 f9 1b f9 20 f9 1e f9 
1f f9 20 f9 21 f9 20 f9 22 f9 1e f9 1f f9 1e f9 1f f9 23 f9 22 f9 1c f9 20 f9 20 f9 20 f9 1d f9 
1e f9 1e f9 23 f9 21 f9 20 f9 1d f9 23 f9 22 f9 1f f9 1e f9 1f f9 1c f9 21 f9 1e f9 1e f9 1c f9 
22 f9 1e f9 1f f9 1c f9 20 f9 1e f9 20 f9 1d f9 20 f9 1c f9 1f f9 1c f9 1f f9 1e f9 1c f9 1e f9 
1f f9 20 f9 21 f9 1e f9 1f f9 1f f9 22 f9 1c f9 1e f9 1e f9 20 f9 21 f9 1f f9 1d f9 20 f9 1b f9 
21 f9 1c f9 20 f9 1e f9 1f f9 20 f9 21 f9 1c f9 21 f9 1e f9 21 f9 20 f9 23 f9 1e f9 1f f9 1d f9 
21 f9 1e f9 23 f9 1e f9 21 f9 1f f9 1d f9 1c f9 24 f9 1e f9 1f f9 1b f9 1d f9 1f f9 23 f9 1e f9 
1e f9 21 f9 22 f9 20 f9 21 f9 1f f9 1e f9 1c f9 20 f9 1c f9 1e f9 1b f9 27 f9 1d f9 1c f9 1a f9 
1f f9 1f f9 21 f9 1c f9 1f f9 22 f9 20 f9 1c f9 1d f9 1e f9 22 f9 1d f9 1c f9 1e f9 20 f9 20 f9 
20 f9 1c f9 21 f9 1c f9 20 f9 1d f9 1c f9 1e f9 1f f9 21 f9 1e f9 1e f9 1f f9 1d f9 20 f9 21 f9 
1f f9 1e f9 20 f9 22 f9 21 f9 20 f9 1d f9 1c f9 21 f9 1d f9 20 f9 20 f9 22 f9 21 f9 1f f9 1c f9 
1f f9 22 f9 21 f9 1d f9 1f f9 20 f9 22 f9 1e f9 1e f9 1e f9 1e f9 1b f9 21 f9 1f f9 20 f9 1e f9 
1f f9 22 f9 23 f9 1d f9 1d f9 20 f9 23 f9 20 f9 1d f9 1a f9 20 f9 1e f9 21 f9 1d f9 1c f9 1d f9 
20 f9 22 f9 20 f9 1d f9 20 f9 20 f9 1f f9 1c f9 1f f9 21 f9 1e f9 1c f9 22 f9 22 f9 21 f9 1c f9 
1d f9 1f f9 22 f9 1e f9 20 f9 20 f9 20 f9 1d f9 1e f9 1d f9 1e f9 21 f9 1f f9 1d f9 1f f9 1d f9 
23 f9 1f f9 22 f9 1f f9 20 f9 22 f9 1b f9 1b f9 21 f9 22 f9 22 f9 1d f9 24 f9 20 f9 20 f9 1e f9 
21 f9 1c f9 20 f9 20 f9 1f f9 20 f9 1d f9 1c f9 24 f9 21 f9 1d f9 20 f9 22 f9 20 f9 1f f9 1d f9 
1f f9 20 f9 1f f9 1e f9 1f f9 1d f9 20 f9 1e f9 22 f9 1a f9 1e f9 20 f9 1f f9 1d f9 20 f9 20 f9 
21 f9 1d f9 1e f9 1e f9 20 f9 20 f9 21 f9 1b f9 1f f9 1c f9 1f f9 1a f9 20 f9 1d f9 22 f9 1e f9 
1f f9 1e f9 21 f9 1d f9 23 f9 20 f9 20 f9 1e f9 21 f9 1e f9 20 f9 1d f9 23 f9 1d f9 1e f9 1c f9 
1f f9 20 f9 21 f9 1e f9 20 f9 1d f9 1e f9 1c f9 1d f9 20 f9 21 f9 20 f9 1f f9 1f f9 20 f9 1d f9 
1f f9 1e f9 20 f9 1c f9 1f f9 20 f9 1e f9 20 f9 1f f9 1b f9 20 f9 1b f9 22 f9 1e f9 1e f9 1e f9 
1f f9 20 f9 1e f9 1d f9 21 f9 20 f9 1e f9 1d f9 1c f9 1e f9 20 f9 1d f9 22 f9 1e f9 22 f9 1e f9 
1f f9 1d f9 24 f9 20 f9 21 f9 20 f9 21 f9 1d f9 21 f9 1e f9 1d f9 1e f9 20 f9 1b f9 1e f9 1e f9 
20 f9 1e f9 1d f9 1e f9 22 f9 23 f9 1f f9 1e f9 1f f9 20 f9 1f f9 1e f9 1e f9 20 f9 20 f9 1e f9 
1c f9 1e f9 21 f9 1f f9 20 f9 20 f9 22 f9 20 f9 21 f9 1e f9 1c f9 1e f9 20 f9 1e f9 21 f9 1c f9 
20 f9 20 f9 1f f9 1f f9 23 f9 20 f9 1d f9 20 f9 1f f9 1e f9 1d f9 1d f9 22 f9 1e f9 21 f9 20 f9 
1f f9 21 f9 20 f9 1c f9 1e f9 1d f9 1d f9 1c f9 1e f9 20 f9 1e f9 20 f9 20 f9 1b f9 21 f9 1e f9 
22 f9 20 f9 20 f9 20 f9 24 f9 1e f9 1e f9 1c f9 1e f9 1e f9 20 f9 1b f9 1d f9 1e f9 21 f9 1e f9 
21 f9 20 f9 20 f9 1d f9 22 f9 24 f9 20 f9 1e f9 1f f9 1d f9 23 f9 20 f9 1f f9 1e f9 1e f9 22 f9 
1f f9 1e f9 1f f9 20 f9 1e f9 1d f9 21 f9 20 f9 1f f9 20 f9 22 f9 1d f9 20 f9 1d f9 20 f9 20 f9 
21 f9 20 f9 21 f9 20 f9 1d f9 1d f9 1c f9 1e f9 1f f9 1c f9 1f f9 1e f9 20 f9 1e f9 21 f9 1e f9 
22 f9 1e f9 1c f9 20 f9 21 f9 21 f9 1f f9 1f f9 1d f9 1e f9 20 f9 1d f9 21 f9 20 f9 1f f9 1d f9 
1e f9 21 f9 20 f9 1e f9 1f f9 1f f9 1d f9 21 f9 1e f9 1c f9 1d f9 1e f9 21 f9 21 f9 1f f9 1e f9 
22 f9 20 f9 20 f9 1b f9 1b f9 20 f9 21 f9 1c f9 1a f9 20 f9 22 f9 20 f9 1f f9 20 f9 20 f9 1d f9 
1e f9 1b f9 20 f9 1c f9 1f f9 1f f9 1f f9 1c f9 21 f9 1e f9 1e f9 20 f9 1e f9 21 f9 1e f9 1e f9 
1f f9 1c f9 1e f9 1c f9 1f f9 1f f9 20 f9 1c f9 20 f9 21 f9 20 f9 1e f9 20 f9 20 f9 1f f9 1c f9 
18 f9 1b f9 23 f9 1d f9 22 f9 18 f9 1b f9 21 f9 1e f9 1e f9 1b f9 1c f9 23 f9 1c f9 22 f9 1e f9 
20 f9 22 f9 1e f9 1c f9 22 f9 20 f9 21 f9 1c f9 1d f9 1e f9 1d f9 22 f9 20 f9 1c f9 1f f9 24 f9 
20 f9 20 f9 1f f9 1f f9 22 f9 23 f9 1e f9 1b f9 1d f9 1e f9 20 f9 1e f9 23 f9 1d f9 1d f9 1f f9 
1c f9 1c f9 25 f9 23 f9 20 f9 1d f9 1f f9 20 f9 21 f9 20 f9 20 f9 1a f9 1d f9 20 f9 21 f9 1d f9 
20 f9 1e f9 24 f9 1e f9 1d f9 1e f9 21 f9 1e f9 20 f9 1b f9 1f f9 1e f9 23 f9 22 f9 20 f9 22 f9 
1c f9 1d f9 1f f9 20 f9 21 f9 1b f9 1d f9 1c f9 20 f9 1e f9 1c f9 1e f9 26 f9 21 f9 1c f9 1b f9 
1e f9 20 f9 22 f9 1c f9 1e f9 1d f9 20 f9 1d f9 1d f9 1c f9 1f f9 1d f9 1f f9 1f f9 23 f9 1e f9 
1f f9 1e f9 1e f9 1c f9 1e f9 1e f9 1d f9 1b f9 1f f9 1e f9 21 f9 20 f9 22 f9 1e f9 22 f9 1e f9 
1f f9 20 f9 21 f9 1c f9 21 f9 20 f9 1c f9 1d f9 1d f9 20 f9 21 f9 21 f9 1e f9 1e f9 1f f9 1e f9 
1f f9 1b f9 1e f9 1c f9 1e f9 20 f9 1e f9 1e f9 20 f9 1e f9 1e f9 1c f9 22 f9 1e f9 21 f9 1c f9 
1f f9 1b f9 22 f9 1b f9 20 f9 1e f9 1d f9 1d f9 21 f9 1d f9 1d f9 1e f9 25 f9 1c f9 1f f9 1e f9 
21 f9 20 f9 20 f9 1b f9 1f f9 22 f9 20 f9 1b f9 1e f9 20 f9 1f f9 1e f9 1c f9 20 f9 20 f9 1b f9 
21 f9 1c f9 1e f9 1e f9 1f f9 1e f9 1d f9 20 f9 21 f9 1b f9 21 f9 20 f9 24 f9 20 f9 22 f9 1d f9 
1f f9 21 f9 1d f9 1e f9 24 f9 1f f9 1c f9 1d f9 1d f9 20 f9 20 f9 1e f9 21 f9 1e f9 21 f9 1c f9 
20 f9 20 f9 1d f9 1f f9 20 f9 1c f9 1f f9 1f f9 22 f9 1e f9 1e f9 1b f9 22 f9 20 f9 21 f9 1c f9 
20 f9 1d f9 21 f9 1c f9 1b f9 1d f9 20 f9 21 f9 1f f9 1f f9 1e f9 20 f9 23 f9 1d f9 21 f9 1d f9 
20 f9 20 f9 1d f9 1e f9 21 f9 20 f9 24 f9 1d f9 20 f9 22 f9 21 f9 21 f9 20 f9 19 f9 22 f9 1e f9 
1e f9 1f f9 20 f9 1e f9 1e f9 1e f9 1d f9 20 f9 22 f9 1d f9 1d f9 1f f9 1f f9 22 f9 1e f9 1d f9 
21 f9 1d f9 1f f9 1c f9 1f f9 20 f9 21 f9 1c f9 1f f9 1e f9 20 f9 1d f9 1e f9 1d f9 20 f9 1e f9 
1e f9 1b f9 20 f9 1b f9 21 f9 22 f9 1d f9 1d f9 21 f9 20 f9 20 f9 1c f9 20 f9 1f f9 21 f9 1e f9 
1f f9 1e f9 1f f9 20 f9 20 f9 1c f9 1e f9 20 f9 1d f9 1e f9 20 f9 1e f9 21 f9 1d f9 23 f9 1c f9 
1d f9 20 f9 1e f9 20 f9 21 f9 1b f9 1e f9 1e f9 1f f9 1e f9 1e f9 1c f9 1e f9 20 f9 1f f9 1d f9 
1e f9 1e f9 23 f9 1d f9 1c f9 1c f9 1e f9 1e f9 20 f9 20 f9 20 f9 20 f9 22 f9 1e f9 1f f9 1b f9 
1e f9 20 f9 23 f9 21 f9 25 f9 21 f9 22 f9 22 f9 25 f9 21 f9 24 f9 21 f9 23 f9 20 f9 21 f9 20 f9 
1e f9 1f f9 23 f9 1d f9 1d f9 1c f9 23 f9 22 f9 1d f9 1d f9 1d f9 1e f9 21 f9 1d f9 1a f9 1e f9 
20 f9 20 f9 1e f9 1b f9 1c f9 20 f9 20 f9 1c f9 1e f9 1e f9 23 f9 1c f9 20 f9 1e f9 1d f9 1e f9 
1e f9 1d f9 21 f9 1d f9 1f f9 1c f9 20 f9 20 f9 20 f9 20 f9 20 f9 1b f9 22 f9 1b f9 1f f9 1f f9 
20 f9 20 f9 1d f9 18 f9 20 f9 20 f9 21 f9 1b f9 1f f9 1f f9 20 f9 1e f9 1e f9 1d f9 24 f9 1b f9 
1c f9 20 f9 1f f9 22 f9 1e f9 1b f9 1f f9 1e f9 1d f9 1d f9 1e f9 22 f9 22 f9 1d f9 22 f9 1f f9 
1f f9 1b f9 20 f9 20 f9 21 f9 1c f9 22 f9 1e f9 1f f9 1d f9 1e f9 1d f9 21 f9 1e f9 20 f9 1e f9 
23 f9 1e f9 20 f9 1e f9 1f f9 20 f9 1e f9 1b f9 1f f9 22 f9 23 f9 20 f9 1d f9 1e f9 1f f9 1e f9 
1c f9 1e f9 1f f9 1d f9 23 f9 1e f9 1d f9 1e f9 20 f9 1c f9 1f f9 1b f9 20 f9 1f f9 1d f9 21 f9 
1d f9 20 f9 1f f9 1e f9 20 f9 21 f9 20 f9 1a f9 1d f9 1e f9 22 f9 1e f9 1d f9 20 f9 22 f9 1b f9 
1b f9 19 f9 21 f9 1e f9 20 f9 18 f9 20 f9 20 f9 20 f9 1e f9 21 f9 1e f9 1f f9 20 f9 1f f9 1d f9 
1e f9 20 f9 1e f9 1a f9 1f f9 20 f9 21 f9 1d f9 20 f9 1e f9 1c f9 20 f9 21 f9 1e f9 21 f9 1b f9 
1c f9 1f f9 1e f9 1f f9 20 f9 1e f9 1f f9 1d f9 20 f9 20 f9 22 f9 1f f9 22 f9 21 f9 23 f9 20 f9 
1d f9 1e f9 21 f9 1e f9 21 f9 20 f9 1f f9 1e f9 21 f9 1d f9 20 f9 1d f9 20 f9 1a f9 1f f9 20 f9 
23 f9 1d f9 1c f9 20 f9 24 f9 20 f9 1e f9 1e f9 22 f9 20 f9 1f f9 1e f9 1f f9 20 f9 1e f9 1b f9 
1e f9 20 f9 20 f9 1d f9 20 f9 20 f9 23 f9 1c f9 1c f9 20 f9 20 f9 1c f9 21 f9 1d f9 1e f9 1c f9 
1d f9 1c f9 22 f9 22 f9 10 c4 5a 29 41 d0 a3 46 04 05 80 0d 20 06 1d 5b 00 00 00 00 00 00 03 2a 
44 00 c0 00 00 00 1d 5a 10 e0 00 06 41 1b a3 b6 00 1d 5a 11 00 c8 00 c8 40 04 00 0c 00 00 00 00 
1a f9 16 f9 1a f9 10 f9 1a f9 10 f9 15 f9 19 f9 1d f9 15 f9 18 f9 12 f9 18 f9 1a f9 1c f9 14 f9 
17 f9 18 f9 1b f9 17 f9 17 f9 15 f9 1d f9 1a f9 17 f9 13 f9 1d f9 19 f9 1c f9 13 f9 14 f9 16 f9 
21 f9 15 f9 17 f9 14 f9 1a f9 1b f9 1c f9 15 f9 16 f9 1a f9 1c f9 1a f9 17 f9 12 f9 1d f9 17 f9 
1d f9 12 f9 14 f9 19 f9 1d f9 15 f9 16 f9 16 f9 1c f9 1a f9 1c f9 13 f9 18 f9 18 f9 1e f9 14 f9 
18 f9 14 f9 1e f9 15 f9 16 f9 14 f9 1c f9 18 f9 1a f9 16 f9 1c f9 17 f9 1a f9 15 f9 1a f9 17 f9 
1f f9 15 f9 17 f9 15 f9 1c f9 19 f9 19 f9 16 f9 1c f9 16 f9 1c f9 14 f9 19 f9 13 f9 1c f9 19 f9 
19 f9 15 f9 19 f9 16 f9 20 f9 18 f9 1b f9 16 f9 1d f9 16 f9 17 f9 16 f9 1d f9 19 f9 1b f9 15 f9 
19 f9 16 f9 1c f9 16 f9 19 f9 15 f9 1c f9 1a f9 19 f9 15 f9 1d f9 17 f9 19 f9 15 f9 19 f9 18 f9 
1e f9 16 f9 19 f9 17 f9 1c f9 14 f9 1a f9 15 f9 17 f9 19 f9 17 f9 17 f9 19 f9 14 f9 1d f9 17 f9 
19 f9 18 f9 1a f9 17 f9 1c f9 14 f9 16 f9 17 f9 1a f9 15 f9 17 f9 14 f9 19 f9 17 f9 1a f9 17 f9 
1d f9 17 f9 1a f9 14 f9 19 f9 16 f9 1d f9 15 f9 1b f9 15 f9 1c f9 16 f9 1c f9 15 f9 1a f9 17 f9 
1b f9 16 f9 1b f9 14 f9 1d f9 15 f9 18 f9 16 f9 1d f9 17 f9 19 f9 14 f9 1a f9 17 f9 1d f9 14 f9 
19 f9 15 f9 1a f9 15 f9 19 f9 16 f9 1b f9 18 f9 1d f9 13 f9 17 f9 17 f9 19 f9 16 f9 19 f9 15 f9 
1a f9 17 f9 18 f9 14 f9 19 f9 12 f9 1a f9 18 f9 17 f9 16 f9 1a f9 16 f9 1b f9 17 f9 1a f9 17 f9 
1a f9 15 f9 1d f9 17 f9 1d f9 14 f9 16 f9 17 f9 17 f9 19 f9 1a f9 17 f9 18 f9 14 f9 1a f9 17 f9 
17 f9 17 f9 1c f9 17 f9 18 f9 17 f9 19 f9 17 f9 1c f9 16 f9 16 f9 15 f9 1a f9 17 f9 1b f9 15 f9 
1c f9 16 f9 1a f9 14 f9 1c f9 16 f9 1d f9 15 f9 19 f9 16 f9 1c f9 14 f9 1c f9 19 f9 1a f9 14 f9 
18 f9 15 f9 1c f9 1b f9 1d f9 17 f9 1b f9 1a f9 1c f9 19 f9 1c f9 18 f9 1a f9 18 f9 17 f9 15 f9 
1d f9 16 f9 1c f9 18 f9 1a f9 14 f9 1a f9 19 f9 1a f9 15 f9 1b f9 16 f9 1c f9 17 f9 19 f9 14 f9 
19 f9 19 f9 1b f9 16 f9 1c f9 15 f9 1d f9 18 f9 17 f9 13 f9 1a f9 18 f9 18 f9 16 f9 1c f9 16 f9 
1e f9 17 f9 19 f9 19 f9 1d f9 14 f9 1c f9 19 f9 1c f9 16 f9 18 f9 14 f9 1d f9 17 f9 1e f9 13 f9 
18 f9 15 f9 21 f9 17 f9 17 f9 14 f9 1e f9 1a f9 1d f9 11 f9 18 f9 1b f9 1f f9 17 f9 16 f9 13 f9 
1d f9 1b f9 1c f9 13 f9 16 f9 14 f9 1d f9 1a f9 17 f9 16 f9 1c f9 1a f9 1c f9 12 f9 19 f9 19 f9 
1d f9 19 f9 1a f9 17 f9 1d f9 17 f9 19 f9 16 f9 1a f9 17 f9 1f f9 16 f9 1b f9 17 f9 1e f9 17 f9 
16 f9 16 f9 1a f9 19 f9 1a f9 16 f9 1b f9 15 f9 1c f9 14 f9 15 f9 14 f9 17 f9 16 f9 1a f9 15 f9 
19 f9 19 f9 1c f9 19 f9 1c f9 17 f9 1a f9 15 f9 1a f9 18 f9 1a f9 15 f9 1a f9 15 f9 1c f9 17 f9 
19 f9 15 f9 1a f9 17 f9 1a f9 16 f9 1a f9 14 f9 1e f9 17 f9 1c f9 15 f9 17 f9 16 f9 1f f9 14 f9 
17 f9 14 f9 1c f9 18 f9 19 f9 15 f9 15 f9 16 f9 1b f9 19 f9 17 f9 12 f9 18 f9 18 f9 1b f9 14 f9 
1a f9 17 f9 1a f9 16 f9 16 f9 14 f9 1c f9 17 f9 1a f9 12 f9 1a f9 19 f9 16 f9 15 f9 16 f9 17 f9 
1e f9 18 f9 16 f9 12 f9 18 f9 19 f9 1a f9 12 f9 17 f9 14 f9 1d f9 18 f9 17 f9 12 f9 1c f9 17 f9 
1a f9 13 f9 1c f9 1b f9 1d f9 17 f9 19 f9 14 f9 1e f9 16 f9 17 f9 12 f9 18 f9 17 f9 1b f9 16 f9 
18 f9 15 f9 1b f9 18 f9 1b f9 15 f9 1a f9 1a f9 1c f9 15 f9 17 f9 17 f9 1c f9 18 f9 1a f9 12 f9 
19 f9 1b f9 1a f9 16 f9 17 f9 17 f9 21 f9 16 f9 1a f9 12 f9 1c f9 1a f9 1e f9 15 f9 1c f9 17 f9 
19 f9 17 f9 16 f9 15 f9 19 f9 17 f9 1a f9 17 f9 16 f9 12 f9 1c f9 19 f9 1c f9 17 f9 1a f9 1a f9 
1e f9 16 f9 16 f9 17 f9 1e f9 19 f9 17 f9 14 f9 18 f9 17 f9 1d f9 16 f9 19 f9 12 f9 1c f9 1a f9 
1c f9 18 f9 15 f9 16 f9 1c f9 13 f9 1a f9 16 f9 1d f9 18 f9 1b f9 14 f9 16 f9 17 f9 1a f9 12 f9 
1a f9 19 f9 1d f9 12 f9 16 f9 15 f9 1c f9 1c f9 17 f9 14 f9 19 f9 1b f9 1c f9 14 f9 16 f9 17 f9 
1d f9 12 f9 17 f9 16 f9 1e f9 1c f9 1a f9 16 f9 1e f9 19 f9 1e f9 16 f9 17 f9 1a f9 1d f9 17 f9 
17 f9 15 f9 1e f9 19 f9 19 f9 14 f9 1a f9 1a f9 1e f9 15 f9 1c f9 14 f9 1e f9 1a f9 15 f9 14 f9 
1a f9 1c f9 1a f9 13 f9 19 f9 18 f9 1d f9 12 f9 16 f9 0f f9 1c f9 1c f9 17 f9 11 f9 1a f9 1a f9 
1e f9 16 f9 16 f9 10 f9 1c f9 1b f9 1a f9 12 f9 17 f9 17 f9 1c f9 14 f9 16 f9 13 f9 1d f9 14 f9 
19 f9 12 f9 18 f9 1a f9 1a f9 17 f9 16 f9 17 f9 20 f9 16 f9 16 f9 12 f9 1d f9 1b f9 1c f9 12 f9 
1b f9 17 f9 20 f9 14 f9 15 f9 17 f9 1e f9 1b f9 1b f9 12 f9 1c f9 1b f9 1b f9 14 f9 17 f9 1a f9 
1c f9 19 f9 19 f9 12 f9 1d f9 15 f9 19 f9 12 f9 1b f9 17 f9 1a f9 15 f9 16 f9 17 f9 1d f9 17 f9 
19 f9 14 f9 1c f9 17 f9 1d f9 14 f9 1d f9 17 f9 19 f9 16 f9 19 f9 15 f9 18 f9 17 f9 1c f9 17 f9 
19 f9 19 f9 17 f9 14 f9 19 f9 16 f9 1b f9 16 f9 1a f9 14 f9 1c f9 17 f9 18 f9 14 f9 19 f9 13 f9 
1d f9 16 f9 1a f9 17 f9 1e f9 1a f9 1a f9 15 f9 1a f9 1a f9 1c f9 15 f9 1c f9 19 f9 1c f9 17 f9 
1d f9 16 f9 17 f9 17 f9 1c f9 16 f9 1d f9 14 f9 1d f9 15 f9 1a f9 17 f9 1d f9 17 f9 1a f9 16 f9 
1b f9 17 f9 18 f9 15 f9 19 f9 15 f9 1d f9 17 f9 19 f9 12 f9 1b f9 17 f9 1a f9 16 f9 1c f9 16 f9 
1c f9 17 f9 1a f9 15 f9 1a f9 15 f9 1b f9 17 f9 19 f9 12 f9 1c f9 15 f9 19 f9 12 f9 1c f9 18 f9 
1c f9 17 f9 17 f9 17 f9 1d f9 1a f9 1b f9 12 f9 1a f9 1a f9 18 f9 17 f9 19 f9 14 f9 1a f9 17 f9 
17 f9 14 f9 16 f9 18 f9 1d f9 15 f9 19 f9 19 f9 1e f9 15 f9 17 f9 15 f9 19 f9 17 f9 1d f9 14 f9 
19 f9 17 f9 1d f9 18 f9 16 f9 16 f9 1a f9 1a f9 19 f9 16 f9 1d f9 15 f9 1a f9 17 f9 19 f9 15 f9 
19 f9 17 f9 19 f9 14 f9 1a f9 17 f9 1a f9 12 f9 19 f9 14 f9 1d f9 18 f9 19 f9 15 f9 1d f9 19 f9 
1d f9 17 f9 19 f9 17 f9 1a f9 17 f9 1c f9 17 f9 1a f9 17 f9 1d f9 16 f9 18 f9 16 f9 1d f9 18 f9 
19 f9 14 f9 19 f9 17 f9 1e f9 19 f9 1a f9 15 f9 1c f9 15 f9 17 f9 17 f9 1a f9 14 f9 1d f9 17 f9 
1a f9 13 f9 1a f9 1a f9 1b f9 16 f9 1c f9 17 f9 19 f9 14 f9 1c f9 16 f9 19 f9 15 f9 17 f9 18 f9 
1c f9 15 f9 19 f9 17 f9 19 f9 19 f9 17 f9 15 f9 1c f9 17 f9 1e f9 17 f9 1d f9 16 f9 1a f9 1a f9 
1d f9 15 f9 17 f9 14 f9 1b f9 18 f9 17 f9 14 f9 1a f9 1b f9 1c f9 17 f9 17 f9 17 f9 1e f9 17 f9 
1a f9 12 f9 1b f9 19 f9 1a f9 15 f9 19 f9 17 f9 17 f9 16 f9 17 f9 14 f9 1d f9 15 f9 17 f9 12 f9 
1e f9 19 f9 19 f9 14 f9 19 f9 16 f9 1f f9 16 f9 17 f9 16 f9 1d f9 17 f9 17 f9 15 f9 17 f9 17 f9 
1c f9 14 f9 17 f9 15 f9 1e f9 16 f9 1c f9 14 f9 1a f9 1a f9 1c f9 17 f9 16 f9 16 f9 1b f9 16 f9 
1c f9 16 f9 1c f9 17 f9 17 f9 15 f9 19 f9 17 f9 1e f9 14 f9 17 f9 16 f9 1f f9 17 f9 1e f9 12 f9 
19 f9 1c f9 1c f9 15 f9 12 f9 17 f9 1d f9 18 f9 15 f9 16 f9 1a f9 1c f9 1c f9 12 f9 16 f9 17 f9 
20 f9 19 f9 15 f9 15 f9 1a f9 1b f9 1a f9 14 f9 16 f9 18 f9 1e f9 17 f9 15 f9 14 f9 1d f9 18 f9 
1b f9 16 f9 16 f9 16 f9 1d f9 12 f9 18 f9 17 f9 1d f9 1b f9 19 f9 12 f9 16 f9 1a f9 1a f9 13 f9 
15 f9 19 f9 20 f9 16 f9 19 f9 15 f9 1d f9 1d f9 1c f9 12 f9 15 f9 17 f9 1d f9 17 f9 15 f9 16 f9 
1c f9 19 f9 16 f9 14 f9 19 f9 1a f9 1e f9 16 f9 19 f9 17 f9 1d f9 17 f9 1c f9 14 f9 1b f9 16 f9 
1e f9 16 f9 1d f9 16 f9 1d f9 17 f9 18 f9 14 f9 1a f9 18 f9 18 f9 17 f9 1b f9 14 f9 1c f9 17 f9 
1a f9 16 f9 1e f9 16 f9 1c f9 14 f9 19 f9 16 f9 17 f9 14 f9 1b f9 16 f9 19 f9 15 f9 19 f9 17 f9 
1a f9 17 f9 1c f9 17 f9 18 f9 16 f9 19 f9 15 f9 1a f9 17 f9 1a f9 17 f9 1c f9 14 f9 17 f9 16 f9 
1d f9 15 f9 18 f9 19 f9 19 f9 17 f9 1e f9 16 f9 1a f9 16 f9 18 f9 17 f9 1a f9 14 f9 1a f9 14 f9 
17 f9 14 f9 1b f9 17 f9 1a f9 14 f9 17 f9 1a f9 1c f9 17 f9 1d f9 14 f9 17 f9 19 f9 19 f9 16 f9 
19 f9 17 f9 1a f9 17 f9 17 f9 10 f9 1e f9 1a f9 1a f9 14 f9 1a f9 17 f9 1c f9 15 f9 19 f9 13 f9 
20 f9 1b f9 19 f9 12 f9 19 f9 1b f9 1c f9 16 f9 16 f9 14 f9 1c f9 17 f9 17 f9 15 f9 1a f9 19 f9 
1c f9 17 f9 14 f9 14 f9 20 f9 1a f9 19 f9 11 f9 1a f9 1a f9 1e f9 11 f9 10 f9 14 f9 1e f9 19 f9 
18 f9 15 f9 1a f9 1b f9 22 f9 16 f9 19 f9 19 f9 20 f9 18 f9 16 f9 13 f9 1a f9 1c f9 1d f9 11 f9 
17 f9 19 f9 20 f9 17 f9 15 f9 11 f9 1a f9 1b f9 1d f9 12 f9 19 f9 17 f9 1d f9 16 f9 15 f9 15 f9 
1f f9 18 f9 19 f9 15 f9 1a f9 16 f9 1c f9 14 f9 14 f9 17 f9 1e f9 18 f9 19 f9 14 f9 1c f9 18 f9 
1d f9 15 f9 19 f9 14 f9 20 f9 16 f9 17 f9 15 f9 1e f9 17 f9 19 f9 14 f9 19 f9 19 f9 20 f9 14 f9 
19 f9 14 f9 1b f9 19 f9 1a f9 14 f9 1c f9 14 f9 1e f9 17 f9 16 f9 15 f9 1a f9 19 f9 1a f9 18 f9 
1a f9 17 f9 1d f9 12 f9 19 f9 17 f9 1e f9 18 f9 18 f9 17 f9 1e f9 17 f9 17 f9 15 f9 1d f9 16 f9 
1c f9 14 f9 16 f9 18 f9 1c f9 17 f9 19 f9 15 f9 18 f9 17 f9 1c f9 14 f9 1b f9 19 f9 1b f9 19 f9 
19 f9 16 f9 1c f9 19 f9 17 f9 15 f9 1c f9 17 f9 19 f9 14 f9 17 f9 16 f9 1a f9 19 f9 1b f9 14 f9 
1c f9 1a f9 1b f9 14 f9 17 f9 16 f9 19 f9 16 f9 18 f9 15 f9 1d f9 17 f9 16 f9 14 f9 1c f9 17 f9 
18 f9 17 f9 17 f9 17 f9 1d f9 15 f9 17 f9 14 f9 1a f9 17 f9 1c f9 14 f9 17 f9 17 f9 1c f9 14 f9 
17 f9 12 f9 19 f9 16 f9 16 f9 15 f9 17 f9 1a f9 1c f9 16 f9 1a f9 14 f9 17 f9 14 f9 19 f9 14 f9 
1c f9 17 f9 1c f9 17 f9 1a f9 15 f9 1c f9 17 f9 1a f9 17 f9 17 f9 17 f9 1a f9 15 f9 15 f9 14 f9 
1e f9 17 f9 17 f9 12 f9 19 f9 1b f9 1c f9 13 f9 18 f9 19 f9 1c f9 14 f9 19 f9 14 f9 1e f9 17 f9 
17 f9 14 f9 1c f9 19 f9 1d f9 14 f9 19 f9 14 f9 1e f9 14 f9 17 f9 14 f9 1b f9 15 f9 1a f9 14 f9 
17 f9 16 f9 1d f9 17 f9 15 f9 12 f9 1c f9 19 f9 1c f9 17 f9 17 f9 14 f9 1b f9 16 f9 19 f9 13 f9 
1b f9 15 f9 1a f9 15 f9 1a f9 17 f9 18 f9 16 f9 18 f9 1a f9 1c f9 17 f9 17 f9 14 f9 1d f9 16 f9 
19 f9 14 f9 17 f9 17 f9 1a f9 14 f9 1b f9 16 f9 1d f9 14 f9 1c f9 17 f9 1a f9 16 f9 1b f9 16 f9 
19 f9 16 f9 1c f9 14 f9 18 f9 17 f9 20 f9 15 f9 19 f9 15 f9 19 f9 17 f9 1c f9 13 f9 1b f9 19 f9 
1d f9 17 f9 19 f9 18 f9 1e f9 14 f9 16 f9 16 f9 17 f9 17 f9 1d f9 17 f9 17 f9 15 f9 1a f9 17 f9 
1a f9 14 f9 17 f9 17 f9 1c f9 16 f9 1a f9 17 f9 1a f9 16 f9 19 f9 16 f9 19 f9 17 f9 1c f9 13 f9 
1a f9 16 f9 1c f9 1b f9 1b f9 15 f9 1d f9 1c f9 18 f9 10 f9 17 f9 15 f9 1e f9 16 f9 17 f9 15 f9 
1b f9 16 f9 1b f9 14 f9 17 f9 16 f9 1b f9 15 f9 18 f9 15 f9 1c f9 15 f9 1a f9 12 f9 1c f9 19 f9 
1c f9 15 f9 17 f9 19 f9 1c f9 14 f9 19 f9 15 f9 1a f9 16 f9 18 f9 16 f9 17 f9 17 f9 1d f9 18 f9 
19 f9 17 f9 1a f9 14 f9 19 f9 17 f9 1a f9 16 f9 19 f9 16 f9 1c f9 14 f9 17 f9 13 f9 19 f9 15 f9 
10 fd 5a 19 41 ca a3 43 04 09 c0 34 20 03 1d 5e 00 00 00 00 00 00 03 2a 44 01 00 00 00 00 1d 5a 
10 e0 00 06 41 1b a3 b6 00 1d 5a 11 00 c8 00 c8 40 04 00 10 00 00 00 00 eb f8 eb f8 ea f8 ec f8 
ea f8 ec f8 f4 f8 ef f8 e9 f8 e9 f8 ef f8 eb f8 ee f8 ea f8 e8 f8 ec f8 f2 f8 eb f8 ec f8 eb f8 
ee f8 ed f8 ef f8 e8 f8 ec f8 ed f8 f4 f8 ed f8 eb f8 e6 f8 ec f8 ed f8 eb f8 e8 f8 ec f8 ed f8 
ed f8 ec f8 ed f8 eb f8 f0 f8 ed f8 eb f8 ea f8 ef f8 ef f8 f0 f8 eb f8 ed f8 ee f8 ed f8 ec f8 
ee f8 ea f8 ed f8 ed f8 ec f8 eb f8 eb f8 eb f8 f0 f8 ee f8 f0 f8 ed f8 ec f8 ed f8 ed f8 ec f8 
f0 f8 ec f8 ed f8 eb f8 ec f8 ea f8 ec f8 ea f8 ed f8 ea f8 ee f8 eb f8 ee f8 ea f8 f0 f8 ec f8 
ed f8 eb f8 f0 f8 eb f8 eb f8 eb f8 ec f8 ec f8 f0 f8 ec f8 ef f8 ec f8 ed f8 eb f8 ee f8 eb f8 
ed f8 ee f8 f3 f8 eb f8 ed f8 e9 f8 f3 f8 ed f8 ef f8 ec f8 ec f8 e9 f8 f0 f8 ee f8 ee f8 ed f8 
ed f8 eb f8 ed f8 ea f8 ee f8 ed f8 ee f8 eb f8 ed f8 ea f8 ef f8 ee f8 ee f8 e9 f8 e8 f8 ed f8 
ee f8 ef f8 ed f8 eb f8 ee f8 ee f8 eb f8 eb f8 ed f8 ee f8 ef f8 eb f8 ee f8 ec f8 f2 f8 ef f8 
ec f8 ea f8 eb f8 ed f8 ef f8 ec f8 eb f8 e8 f8 f0 f8 eb f8 ec f8 eb f8 f0 f8 eb f8 f1 f8 ef f8 
ed f8 f0 f8 f0 f8 ed f8 ef f8 eb f8 ec f8 ee f8 ee f8 ed f8 eb f8 eb f8 ef f8 ec f8 ed f8 eb f8 
f0 f8 ed f8 f0 f8 ed f8 f0 f8 eb f8 f0 f8 ec f8 ee f8 ec f8 f0 f8 ee f8 ec f8 eb f8 ee f8 ea f8 
eb f8 ec f8 ed f8 ee f8 ef f8 ec f8 f1 f8 e9 f8 f0 f8 f2 f8 ef f8 f0 f8 ee f8 eb f8 ed f8 eb f8 
ee f8 eb f8 ed f8 ed f8 ef f8 eb f8 ef f8 ec f8 f1 f8 ed f8 ee f8 ec f8 ef f8 eb f8 f0 f8 ef f8 
ed f8 ea f8 ed f8 ec f8 ef f8 e9 f8 ed f8 eb f8 ee f8 ed f8 ec f8 eb f8 f0 f8 ec f8 ee f8 eb f8 
ef f8 ed f8 f0 f8 ed f8 f0 f8 eb f8 ee f8 ec f8 eb f8 ec f8 ee f8 eb f8 ee f8 ea f8 ef f8 ed f8 
f0 f8 ec f8 ee f8 ed f8 f1 f8 ed f8 ee f8 ea f8 ef f8 ee f8 ed f8 eb f8 ed f8 ed f8 ef f8 eb f8 
ef f8 ec f8 ee f8 ed f8 f1 f8 ea f8 e9 f8 eb f8 ef f8 ed f8 ed f8 ea f8 eb f8 ec f8 ee f8 ea f8 
ef f8 ed f8 ee f8 ea f8 ef f8 eb f8 ee f8 ed f8 ed f8 ea f8 ee f8 ef f8 ec f8 eb f8 f0 f8 ef f8 
f0 f8 e9 f8 e9 f8 eb f8 f0 f8 eb f8 ea f8 eb f8 ee f8 ec f8 ec f8 ea f8 eb f8 ef f8 f5 f8 ec f8 
eb f8 ee f8 f2 f8 ee f8 ec f8 e6 f8 ed f8 f0 f8 f0 f8 e8 f8 ec f8 ea f8 f1 f8 ec f8 ed f8 e8 f8 
f0 f8 f1 f8 f0 f8 e7 f8 eb f8 f0 f8 f1 f8 ed f8 ec f8 ea f8 ed f8 ee f8 f0 f8 e9 f8 eb f8 ee f8 
f3 f8 ed f8 e8 f8 e7 f8 ee f8 ee f8 f2 f8 e8 f8 e8 f8 eb f8 f2 f8 ec f8 ec f8 e8 f8 ed f8 f0 f8 
f0 f8 ea f8 e9 f8 ec f8 f1 f8 ee f8 eb f8 e9 f8 ee f8 ee f8 ef f8 e8 f8 eb f8 ed f8 f1 f8 ec f8 
eb f8 eb f8 ee f8 ed f8 eb f8 ea f8 ed f8 ea f8 ed f8 ed f8 ec f8 ed f8 f0 f8 ec f8 ed f8 ed f8 
ed f8 ed f8 ef f8 ea f8 ed f8 ec f8 ef f8 eb f8 ef f8 ed f8 ed f8 ec f8 ed f8 ea f8 ee f8 eb f8 
f0 f8 ea f8 ee f8 ec f8 ee f8 ed f8 ee f8 eb f8 ed f8 ec f8 ed f8 ec f8 eb f8 ee f8 f2 f8 eb f8 
ea f8 ee f8 ee f8 ef f8 ed f8 ec f8 ee f8 f2 f8 ef f8 ec f8 ea f8 ee f8 f4 f8 eb f8 e8 f8 e8 f8 
ec f8 ec f8 ee f8 ec f8 eb f8 ec f8 f1 f8 ec f8 eb f8 ea f8 ef f8 ec f8 ef f8 e7 f8 ef f8 ec f8 
ef f8 e7 f8 ea f8 e9 f8 ef f8 ed f8 ed f8 e9 f8 ee f8 eb f8 ec f8 ec f8 eb f8 ea f8 f1 f8 ed f8 
eb f8 ea f8 ec f8 ed f8 ef f8 e9 f8 ee f8 eb f8 f2 f8 ee f8 ea f8 e9 f8 e9 f8 ec f8 ed f8 ea f8 
eb f8 ed f8 f2 f8 eb f8 f1 f8 ea f8 f0 f8 ec f8 f0 f8 ec f8 ec f8 ea f8 ef f8 ef f8 eb f8 e8 f8 
ec f8 ef f8 ed f8 ed f8 ed f8 ef f8 f0 f8 ec f8 ec f8 e9 f8 f3 f8 f0 f8 ee f8 e6 f8 e9 f8 eb f8 
ee f8 eb f8 eb f8 e8 f8 ed f8 ee f8 ed f8 eb f8 f1 f8 ef f8 f0 f8 ed f8 eb f8 ee f8 f2 f8 ed f8 
eb f8 e8 f8 ea f8 ed f8 ee f8 ec f8 ed f8 e9 f8 ee f8 eb f8 ef f8 e8 f8 ef f8 ec f8 ed f8 eb f8 
ef f8 ec f8 f1 f8 ee f8 ef f8 e6 f8 ea f8 ed f8 f2 f8 eb f8 eb f8 e8 f8 eb f8 eb f8 ee f8 ec f8 
ef f8 eb f8 f0 f8 e9 f8 ed f8 ea f8 ef f8 ed f8 f0 f8 ec f8 ed f8 ea f8 ed f8 e9 f8 eb f8 e8 f8 
ee f8 ec f8 f0 f8 eb f8 ed f8 ea f8 eb f8 ed f8 f0 f8 ec f8 ed f8 ed f8 ed f8 ed f8 ee f8 ea f8 
ee f8 ec f8 eb f8 eb f8 ed f8 ea f8 ec f8 ec f8 ee f8 e9 f8 ee f8 ed f8 ed f8 e8 f8 ed f8 ed f8 
f0 f8 ec f8 eb f8 ea f8 ee f8 ee f8 eb f8 e9 f8 ed f8 ed f8 ee f8 f0 f8 eb f8 eb f8 f2 f8 f1 f8 
ef f8 e9 f8 ee f8 ec f8 f0 f8 e9 f8 e9 f8 ea f8 f2 f8 ee f8 ed f8 e9 f8 f0 f8 ea f8 ee f8 eb f8 
e9 f8 eb f8 f1 f8 f2 f8 ee f8 e8 f8 eb f8 f3 f8 f0 f8 e9 f8 ec f8 ec f8 f0 f8 ef f8 f1 f8 ea f8 
f0 f8 ef f8 eb f8 eb f8 ee f8 eb f8 f1 f8 ed f8 ec f8 ed f8 ee f8 ee f8 ed f8 e7 f8 ec f8 ed f8 
ed f8 ed f8 ed f8 e9 f8 ed f8 eb f8 ed f8 ec f8 f1 f8 eb f8 f1 f8 eb f8 eb f8 ed f8 ed f8 ed f8 
eb f8 eb f8 ed f8 ef f8 ec f8 e9 f8 eb f8 ef f8 ee f8 e9 f8 e9 f8 ea f8 ee f8 ef f8 ec f8 ea f8 
ef f8 ed f8 f0 f8 ea f8 eb f8 eb f8 ef f8 ee f8 eb f8 eb f8 f0 f8 eb f8 f0 f8 eb f8 ee f8 ed f8 
f0 f8 eb f8 eb f8 eb f8 f1 f8 eb f8 ed f8 eb f8 ef f8 ef f8 ed f8 eb f8 ec f8 ed f8 ef f8 eb f8 
ed f8 eb f8 ef f8 ee f8 f0 f8 eb f8 ed f8 ef f8 f0 f8 eb f8 ea f8 eb f8 f0 f8 ec f8 ee f8 ea f8 
eb f8 ef f8 ef f8 ed f8 eb f8 ec f8 ec f8 ec f8 ed f8 ec f8 f0 f8 ef f8 f1 f8 e9 f8 ee f8 ef f8 
ef f8 e9 f8 e9 f8 eb f8 f1 f8 eb f8 eb f8 e8 f8 ed f8 ec f8 eb f8 ec f8 ef f8 e9 f8 f0 f8 ed f8 
ee f8 ec f8 ee f8 ed f8 f1 f8 ea f8 ed f8 e9 f8 ed f8 ea f8 ee f8 eb f8 ec f8 ef f8 eb f8 ed f8 
eb f8 e9 f8 f0 f8 ee f8 ef f8 ec f8 ee f8 ec f8 ed f8 eb f8 ec f8 eb f8 ec f8 eb f8 ef f8 ec f8 
eb f8 ec f8 ef f8 eb f8 ec f8 eb f8 ed f8 ec f8 ee f8 ea f8 ec f8 ea f8 f0 f8 eb f8 ea f8 ea f8 
ee f8 eb f8 ed f8 ee f8 ec f8 eb f8 ee f8 ec f8 ed f8 eb f8 f0 f8 ee f8 ef f8 eb f8 ee f8 ef f8 
f2 f8 ec f8 ed f8 ec f8 ed f8 ee f8 eb f8 e9 f8 ee f8 ea f8 f0 f8 eb f8 ed f8 ed f8 ef f8 eb f8 
f0 f8 eb f8 f1 f8 ec f8 ee f8 ea f8 ee f8 ee f8 ed f8 ec f8 ed f8 ec f8 f0 f8 eb f8 f0 f8 ee f8 
f1 f8 ec f8 f0 f8 eb f8 f0 f8 ed f8 f0 f8 ee f8 ed f8 eb f8 ee f8 ec f8 ed f8 eb f8 eb f8 ea f8 
ed f8 ec f8 eb f8 eb f8 ed f8 ec f8 ef f8 e7 f8 ee f8 ed f8 ee f8 eb f8 ea f8 eb f8 ef f8 ea f8 
ea f8 ea f8 f0 f8 ec f8 eb f8 e9 f8 ed f8 ed f8 ec f8 eb f8 eb f8 ed f8 ec f8 ed f8 ee f8 ed f8 
ed f8 ec f8 ed f8 ea f8 ed f8 ee f8 ee f8 e8 f8 ed f8 ea f8 ed f8 ed f8 ee f8 ed f8 ed f8 ec f8 
f1 f8 eb f8 ed f8 eb f8 f0 f8 ec f8 eb f8 ea f8 eb f8 ef f8 e9 f8 ea f8 eb f8 eb f8 f2 f8 ee f8 
ed f8 ea f8 f1 f8 ef f8 ee f8 e9 f8 e9 f8 ec f8 f1 f8 eb f8 e9 f8 e8 f8 ef f8 ee f8 ef f8 e9 f8 
eb f8 ef f8 ee f8 ec f8 e8 f8 eb f8 f1 f8 f2 f8 ef f8 ea f8 eb f8 f1 f8 f2 f8 ea f8 e8 f8 ea f8 
f2 f8 ee f8 eb f8 e6 f8 ee f8 eb f8 f2 f8 e9 f8 eb f8 ef f8 f4 f8 f1 f8 ec f8 e8 f8 ef f8 f3 f8 
f0 f8 e6 f8 e8 f8 ef f8 f1 f8 ec f8 e9 f8 e8 f8 ef f8 ee f8 eb f8 e5 f8 e9 f8 ee f8 f6 f8 eb f8 
eb f8 eb f8 f5 f8 f1 f8 eb f8 e9 f8 eb f8 ef f8 f2 f8 ea f8 e7 f8 e9 f8 f2 f8 ee f8 ec f8 e9 f8 
ed f8 f3 f8 f5 f8 eb f8 e9 f8 ea f8 f4 f8 f1 f8 f0 f8 e9 f8 ee f8 ee f8 ee f8 eb f8 e9 f8 ec f8 
f2 f8 ed f8 e9 f8 e8 f8 ef f8 f2 f8 f1 f8 ec f8 eb f8 ee f8 f0 f8 ee f8 ec f8 e9 f8 f0 f8 ed f8 
f0 f8 ea f8 ee f8 ee f8 ed f8 eb f8 e9 f8 ed f8 f0 f8 ec f8 ee f8 ea f8 ee f8 ef f8 f2 f8 eb f8 
ea f8 eb f8 ec f8 eb f8 ed f8 eb f8 f0 f8 ec f8 ee f8 eb f8 ec f8 ee f8 ee f8 ed f8 ed f8 ea f8 
ee f8 ef f8 ef f8 ea f8 ec f8 ed f8 ed f8 ea f8 ee f8 ea f8 ee f8 ec f8 ed f8 ea f8 eb f8 eb f8 
f2 f8 ea f8 ec f8 ea f8 ed f8 eb f8 ed f8 eb f8 ee f8 ed f8 ee f8 e9 f8 ea f8 ea f8 f2 f8 ee f8 
e9 f8 ea f8 ee f8 ed f8 ed f8 e6 f8 ea f8 ef f8 f2 f8 e8 f8 eb f8 ed f8 ef f8 f0 f8 ed f8 e5 f8 
ed f8 ee f8 eb f8 e9 f8 ea f8 e9 f8 ef f8 f0 f8 ec f8 e9 f8 eb f8 f0 f8 f2 f8 eb f8 eb f8 ef f8 
f1 f8 ed f8 e8 f8 e9 f8 f0 f8 ee f8 f0 f8 eb f8 eb f8 ee f8 f0 f8 ec f8 ea f8 eb f8 ef f8 f1 f8 
ee f8 e9 f8 ed f8 f2 f8 ef f8 eb f8 eb f8 ea f8 f0 f8 f1 f8 ee f8 ea f8 ea f8 ec f8 f1 f8 ee f8 
e8 f8 ee f8 f2 f8 ef f8 ed f8 e8 f8 ee f8 ee f8 f2 f8 ea f8 eb f8 eb f8 ef f8 ef f8 eb f8 e6 f8 
f0 f8 f0 f8 f0 f8 eb f8 ed f8 ed f8 ee f8 ed f8 eb f8 e7 f8 f0 f8 ef f8 f2 f8 e7 f8 ed f8 eb f8 
f0 f8 ec f8 e9 f8 e9 f8 f4 f8 ed f8 eb f8 ea f8 ed f8 ec f8 ee f8 eb f8 ed f8 ed f8 ed f8 eb f8 
eb f8 e9 f8 f0 f8 ef f8 f0 f8 e9 f8 eb f8 ea f8 ee f8 ed f8 e9 f8 eb f8 f0 f8 f1 f8 ed f8 ec f8 
ed f8 ee f8 f2 f8 ef f8 e9 f8 e9 f8 ee f8 ef f8 ed f8 e9 f8 ed f8 ee f8 ef f8 ea f8 ea f8 ed f8 
f0 f8 ec f8 ef f8 ed f8 ee f8 ee f8 eb f8 eb f8 ef f8 ed f8 ef f8 ec f8 ee f8 ea f8 ed f8 ed f8 
ee f8 eb f8 ed f8 ec f8 ef f8 ec f8 ee f8 eb f8 ef f8 e9 f8 ec f8 ec f8 ed f8 ed f8 ee f8 eb f8 
ed f8 ee f8 f0 f8 eb f8 f0 f8 ed f8 ed f8 eb f8 ed f8 ea f8 ee f8 ec f8 eb f8 eb f8 ef f8 eb f8 
f0 f8 ea f8 ed f8 ed f8 f0 f8 ec f8 eb f8 e8 f8 eb f8 eb f8 ef f8 eb f8 ed f8 ed f8 ed f8 ee f8 
ec f8 eb f8 ed f8 ed f8 ed f8 ea f8 ed f8 eb f8 ed f8 ed f8 ed f8 e8 f8 ef f8 ec f8 ef f8 eb f8 
eb f8 ef f8 f0 f8 ed f8 ed f8 eb f8 ef f8 ee f8 ef f8 e8 f8 ed f8 eb f8 f1 f8 eb f8 e9 f8 eb f8 
f0 f8 e9 f8 ed f8 eb f8 f0 f8 ef f8 ee f8 eb f8 eb f8 ea f8 ef f8 ef f8 eb f8 e7 f8 ef f8 ee f8 
ee f8 e9 f8 eb f8 ef f8 ed f8 ec f8 eb f8 eb f8 f0 f8 ee f8 ec f8 ee f8 ec f8 ee f8 ed f8 ed f8 
ed f8 eb f8 eb f8 eb f8 f0 f8 ec f8 ed f8 eb f8 ed f8 ef f8 f0 f8 ec f8 ed f8 e8 f8 f1 f8 ee f8 
ea f8 ed f8 f0 f8 eb f8 ee f8 e9 f8 ef f8 eb f8 ed f8 e9 f8 ed f8 eb f8 ed f8 ed f8 ec f8 ed f8 
ed f8 eb f8 ef f8 ec f8 ef f8 ee f8 ee f8 e9 f8 ed f8 eb f8 ed f8 eb f8 ed f8 eb f8 ef f8 ef f8 
ed f8 eb f8 ed f8 eb f8 ec f8 ea f8 ee f8 ed f8 ee f8 eb f8 eb f8 ed f8 eb f8 ee f8 eb f8 ee f8 
ef f8 ec f8 eb f8 e8 f8 ee f8 ed f8 ed f8 ea f8 ed f8 ed f8 f1 f8 ec f8 eb f8 eb f8 f1 f8 ee f8 
ed f8 eb f8 ea f8 eb f8 ee f8 eb f8 eb f8 ea f8 ee f8 eb f8 ed f8 ea f8 ea f8 ec f8 ed f8 ec f8 
ed f8 ec f8 ed f8 ef f8 ef f8 ea f8 ed f8 eb f8 ed f8 ec f8 e9 f8 e9 f8 f0 f8 eb f8 ee f8 e9 f8 
ec f8 ec f8 ee f8 ed f8 ed f8 ea f8 f0 f8 ed f8 ee f8 ec f8 ee f8 ec f8 ed f8 ec f8 eb f8 ea f8 
ed f8 eb f8 ed f8 e8 f8 f1 f8 ed f8 f2 f8 ea f8 ed f8 ea f8 f0 f8 f0 f8 ed f8 ea f8 f0 f8 eb f8 
ee f8 ec f8 ed f8 ea f8 ee f8 ed f8 ee f8 ec f8 ee f8 ed f8 eb f8 ec f8 ec f8 ed f8 ed f8 ec f8 
ea f8 eb f8 ed f8 ec f8 ed f8 e8 f8 ea f8 eb f8 ee f8 eb f8 ea f8 e8 f8 10 f0 5a 14 41 d4 a3 7e 
04 03 00 19 20 00 1d 5e 00 00 00 00 00 00 03 2a 3a 78 9b 87 b6 00 07 f7 0c 1b a3 b6 00 70 07 f7 
fe 01 2a 81 0b 06 21 0d 00 00 00 00 00 05 01 08 44 00 00 03 20 00 1d 5a 10 e0 00 06 41 1b a3 b6 
00 1d 5a 11 00 c8 00 c8 40 04 00 00 00 00 00 00 f6 f8 f4 f8 f5 f8 f5 f8 f5 f8 f5 f8 f2 f8 f3 f8 
f3 f8 f6 f8 f6 f8 f1 f8 f4 f8 f2 f8 f4 f8 f4 f8 f5 f8 f0 f8 f3 f8 f5 f8 f1 f8 f1 f8 f3 f8 f4 f8 
f4 f8 f4 f8 f5 f8 f2 f8 f7 f8 f1 f8 f4 f8 f4 f8 f6 f8 fb f8 f7 f8 f3 f8 f0 f8 f4 f8 f2 f8 f5 f8 
f2 f8 ee f8 f2 f8 f6 f8 f4 f8 f4 f8 f2 f8 f4 f8 f4 f8 f4 f8 f4 f8 f6 f8 f1 f8 f6 f8 f6 f8 f4 f8 
f2 f8 f4 f8 f4 f8 f6 f8 f2 f8 f4 f8 f2 f8 f4 f8 f3 f8 f1 f8 f6 f8 f4 f8 f6 f8 f5 f8 f3 f8 f2 f8 
f2 f8 f6 f8 f5 f8 f4 f8 f3 f8 f1 f8 f4 f8 f6 f8 f5 f8 f5 f8 f0 f8 f3 f8 f7 f8 f4 f8 f3 f8 f1 f8 
f6 f8 f6 f8 f7 f8 f4 f8 f0 f8 f6 f8 f7 f8 f4 f8 ee f8 f1 f8 f8 f8 f6 f8 f0 f8 ed f8 f2 f8 f8 f8 
f5 f8 f1 f8 ef f8 f4 f8 f6 f8 f5 f8 f2 f8 f1 f8 f5 f8 f8 f8 f3 f8 f3 f8 f3 f8 f4 f8 f6 f8 f1 f8 
f6 f8 f7 f8 f4 f8 f2 f8 f1 f8 f7 f8 f5 f8 f1 f8 ef f8 f4 f8 f7 f8 f4 f8 f2 f8 f2 f8 f6 f8 f8 f8 
f3 f8 ef f8 f4 f8 f4 f8 f5 f8 f4 f8 f0 f8 f6 f8 f6 f8 f3 f8 ef f8 f4 f8 f7 f8 f2 f8 f2 f8 f1 f8 
f4 f8 f4 f8 f6 f8 f4 f8 f2 f8 f0 f8 f3 f8 f4 f8 f6 f8 f6 f8 f3 f8 f3 f8 f5 f8 f5 f8 f4 f8 f3 f8 
f8 f8 f6 f8 f6 f8 f2 f8 f1 f8 f3 f8 f5 f8 f6 f8 f1 f8 ef f8 f6 f8 f9 f8 f6 f8 f1 f8 f5 f8 f6 f8 
f9 f8 f4 f8 ef f8 f2 f8 f7 f8 f9 f8 f3 f8 f1 f8 f2 f8 f8 f8 f7 f8 f1 f8 f1 f8 f6 f8 f5 f8 f8 f8 
f5 f8 f5 f8 f2 f8 f6 f8 f6 f8 f4 f8 f3 f8 f6 f8 f7 f8 f4 f8 f3 f8 f3 f8 f2 f8 f7 f8 f5 f8 f1 f8 
f3 f8 f6 f8 f8 f8 f6 f8 f0 f8 ef f8 f6 f8 f4 f8 f3 f8 f3 f8 f7 f8 f5 f8 f6 f8 f3 f8 f2 f8 f1 f8 
f1 f8 f2 f8 f4 f8 f2 f8 f2 f8 f5 f8 f2 f8 f4 f8 f3 f8 f2 f8 f0 f8 f9 f8 f4 f8 ee f8 ee f8 f5 f8 
f7 f8 f4 f8 f2 f8 f3 f8 f5 f8 f6 f8 f3 f8 f6 f8 f5 f8 f4 f8 f6 f8 f4 f8 f1 f8 f4 f8 f2 f8 f5 f8 
f2 f8 f4 f8 f6 f8 f7 f8 f2 f8 f4 f8 f6 f8 f5 f8 f3 f8 f4 f8 f3 f8 f4 f8 f3 f8 f4 f8 f5 f8 f1 f8 
f6 f8 f4 f8 f6 f8 f2 f8 f2 f8 f6 f8 f1 f8 f4 f8 f4 f8 f6 f8 f4 f8 f3 f8 f6 f8 f3 f8 f6 f8 f6 f8 
f4 f8 f5 f8 f2 f8 f7 f8 f5 f8 f5 f8 ea f8 ef f8 f6 f8 fb f8 f7 f8 f4 f8 ed f8 f7 f8 fd f8 f9 f8 
f0 f8 ed f8 f6 f8 f9 f8 f4 f8 ef f8 eb f8 f5 f8 f6 f8 f4 f8 f0 f8 ef f8 f9 f8 f8 f8 f0 f8 f0 f8 
f1 f8 fc f8 f8 f8 f0 f8 ef f8 f3 f8 f8 f8 f4 f8 f2 f8 f2 f8 f4 f8 f7 f8 f5 f8 f1 f8 f4 f8 f6 f8 
f6 f8 f5 f8 f5 f8 ef f8 f5 f8 f7 f8 f2 f8 ee f8 f1 f8 f4 f8 f4 f8 f2 f8 f3 f8 f2 f8 f7 f8 f9 f8 
f3 f8 f2 f8 f2 f8 f2 f8 f6 f8 f6 f8 f3 f8 f4 f8 f0 f8 f8 f8 f7 f8 f3 f8 ee f8 f4 f8 f7 f8 f8 f8 
ee f8 ee f8 f2 f8 f6 f8 f2 f8 f1 f8 f3 f8 f4 f8 f4 f8 f6 f8 ef f8 f4 f8 f7 f8 f6 f8 f3 f8 f2 f8 
f4 f8 f7 f8 f6 f8 ee f8 f2 f8 f7 f8 f6 f8 f5 f8 f1 f8 f3 f8 f2 f8 f7 f8 f2 f8 f6 f8 f4 f8 ef f8 
f9 f8 f7 f8 f5 f8 f4 f8 f3 f8 f7 f8 f5 f8 f4 f8 f0 f8 f3 f8 f5 f8 f4 f8 f5 f8 f2 f8 f5 f8 f7 f8 
f7 f8 ee f8 f0 f8 f8 f8 f8 f8 f8 f8 f2 f8 f0 f8 f6 f8 fb f8 f2 f8 ed f8 f1 f8 f7 f8 f7 f8 f2 f8 
f2 f8 f3 f8 f6 f8 f5 f8 f2 f8 f3 f8 f5 f8 f4 f8 f3 f8 f0 f8 f4 f8 f7 f8 f4 f8 f2 f8 f2 f8 f4 f8 
f6 f8 f2 f8 f2 f8 f4 f8 f5 f8 ef f8 f3 f8 f4 f8 f6 f8 f5 f8 f7 f8 f4 f8 f0 f8 f7 f8 f3 f8 f1 f8 
f7 f8 f6 f8 f6 f8 f4 f8 f0 f8 f4 f8 f4 f8 f4 f8 f1 f8 f7 f8 f5 f8 f1 f8 f3 f8 f3 f8 f2 f8 f7 f8 
f2 f8 ef f8 f6 f8 f5 f8 f4 f8 f2 f8 ee f8 f4 f8 f3 f8 f2 f8 f0 f8 f6 f8 f4 f8 f5 f8 f3 f8 f4 f8 
f8 f8 f6 f8 f3 f8 f3 f8 f1 f8 f4 f8 f5 f8 f4 f8 f2 f8 f4 f8 f4 f8 f5 f8 f4 f8 f3 f8 f0 f8 f2 f8 
f4 f8 f7 f8 f3 f8 f5 f8 f0 f8 f6 f8 f6 f8 f3 f8 f5 f8 f2 f8 f6 f8 f6 f8 f3 f8 f3 f8 f5 f8 fa f8 
f6 f8 f4 f8 f6 f8 f4 f8 f6 f8 f2 f8 f3 f8 f3 f8 f3 f8 f5 f8 f2 f8 f0 f8 f2 f8 f7 f8 f5 f8 f4 f8 
f0 f8 f6 f8 f4 f8 f3 f8 f4 f8 f3 f8 f5 f8 f3 f8 f5 f8 f2 f8 f2 f8 f4 f8 f5 f8 f4 f8 f6 f8 ef f8 
f5 f8 f6 f8 f6 f8 f6 f8 f3 f8 f6 f8 f6 f8 f7 f8 f0 f8 f2 f8 f3 f8 f4 f8 f6 f8 f3 f8 ef f8 f3 f8 
f5 f8 f4 f8 f6 f8 f4 f8 ef f8 f4 f8 f6 f8 f4 f8 ee f8 ef f8 f3 f8 f8 f8 f3 f8 ef f8 f1 f8 f5 f8 
f6 f8 f4 f8 f5 f8 f3 f8 f2 f8 f6 f8 f2 f8 f1 f8 f2 f8 f8 f8 f6 f8 f2 f8 ee f8 f3 f8 f7 f8 f6 f8 
f5 f8 f0 f8 f5 f8 f4 f8 f7 f8 f4 f8 f1 f8 f3 f8 f3 f8 f7 f8 f3 f8 f1 f8 f2 f8 f6 f8 f9 f8 f7 f8 
f4 f8 f4 f8 f7 f8 f5 f8 f2 f8 f1 f8 f1 f8 f6 f8 f5 f8 f0 f8 f5 f8 f4 f8 f6 f8 f4 f8 f4 f8 f2 f8 
f4 f8 f7 f8 f3 f8 f3 f8 f5 f8 f1 f8 f7 f8 f4 f8 f1 f8 f5 f8 f4 f8 f9 f8 f4 f8 f2 f8 f2 f8 f4 f8 
f8 f8 f5 f8 f2 f8 f1 f8 f5 f8 fb f8 f6 f8 f1 f8 ee f8 f5 f8 f6 f8 f2 f8 f0 f8 ef f8 f6 f8 f6 f8 
f6 f8 f4 f8 f0 f8 f2 f8 f7 f8 f6 f8 f2 f8 f9 f8 f5 f8 f4 f8 f6 f8 f6 f8 f7 f8 f2 f8 f3 f8 f5 f8 
f5 f8 f6 f8 f2 f8 f4 f8 f1 f8 f4 f8 f2 f8 f0 f8 f1 f8 f5 f8 f6 f8 f4 f8 f2 f8 f7 f8 f5 f8 f5 f8 
f4 f8 f4 f8 f2 f8 f6 f8 f7 f8 f1 f8 f2 f8 f4 f8 f1 f8 f1 f8 f6 f8 f7 f8 f9 f8 f6 f8 f1 f8 f3 f8 
f5 f8 f4 f8 f1 f8 f7 f8 f5 f8 f4 f8 f6 f8 f4 f8 ef f8 f5 f8 f6 f8 f1 f8 f3 f8 f7 f8 f9 f8 f7 f8 
f4 f8 f1 f8 f4 f8 f5 f8 f4 f8 f6 f8 f2 f8 f6 f8 f2 f8 f5 f8 f2 f8 f3 f8 f5 f8 f4 f8 f1 f8 f4 f8 
f3 f8 f3 f8 f6 f8 f2 f8 f2 f8 f3 f8 f5 f8 f4 f8 f6 f8 f6 f8 f2 f8 f5 f8 f6 f8 f3 f8 f4 f8 f4 f8 
f5 f8 f4 f8 f5 f8 f0 f8 ef f8 f4 f8 f3 f8 f4 f8 f2 f8 f5 f8 f5 f8 f5 f8 f3 f8 f4 f8 f4 f8 f3 f8 
f3 f8 f4 f8 f6 f8 f4 f8 f0 f8 f9 f8 f2 f8 f4 f8 f3 f8 f3 f8 f6 f8 f3 f8 f3 f8 f4 f8 f7 f8 f4 f8 
f3 f8 f2 f8 f3 f8 f7 f8 f5 f8 f1 f8 f6 f8 f2 f8 f0 f8 f3 f8 f2 f8 f6 f8 f4 f8 f5 f8 f4 f8 f3 f8 
f6 f8 f6 f8 f5 f8 ee f8 f2 f8 f5 f8 f5 f8 f2 f8 f0 f8 f2 f8 f6 f8 f4 f8 f1 f8 f2 f8 f4 f8 f5 f8 
f5 f8 f7 f8 f5 f8 f6 f8 f6 f8 f7 f8 f8 f8 f2 f8 f2 f8 f7 f8 f5 f8 f6 f8 f2 f8 f3 f8 f1 f8 f5 f8 
f8 f8 f1 f8 f4 f8 f7 f8 f5 f8 f5 f8 f4 f8 f2 f8 f1 f8 f7 f8 f5 f8 f0 f8 f2 f8 f4 f8 f7 f8 f4 f8 
ef f8 f1 f8 f5 f8 f3 f8 f2 f8 f0 f8 f3 f8 f6 f8 f4 f8 f3 f8 f5 f8 f7 f8 f4 f8 f4 f8 f4 f8 f5 f8 
f7 f8 f5 f8 f4 f8 f3 f8 f7 f8 f4 f8 f6 f8 f6 f8 f3 f8 f3 f8 f3 f8 f4 f8 f0 f8 f3 f8 f3 f8 f3 f8 
f5 f8 f5 f8 f6 f8 f3 f8 f7 f8 f6 f8 f2 f8 f4 f8 f2 f8 f7 f8 f5 f8 f6 f8 f0 f8 f4 f8 f5 f8 f4 f8 
f2 f8 f3 f8 f4 f8 f7 f8 f5 f8 f1 f8 f6 f8 f4 f8 f7 f8 f6 f8 f4 f8 f5 f8 f6 f8 f3 f8 f4 f8 f4 f8 
f2 f8 f6 f8 f4 f8 f2 f8 f1 f8 f3 f8 f6 f8 f3 f8 f0 f8 f6 f8 f6 f8 f6 f8 f2 f8 f0 f8 f8 f8 f5 f8 
f7 f8 f2 f8 f0 f8 f1 f8 f4 f8 f7 f8 f5 f8 f1 f8 f3 f8 f8 f8 f5 f8 f1 f8 f3 f8 f4 f8 f4 f8 f7 f8 
f3 f8 f3 f8 f7 f8 f7 f8 f4 f8 f7 f8 f6 f8 f4 f8 f7 f8 f7 f8 f0 f8 f2 f8 f5 f8 f6 f8 f5 f8 f0 f8 
f5 f8 f7 f8 f9 f8 f4 f8 f1 f8 f2 f8 fa f8 fa f8 f0 f8 f2 f8 f0 f8 f7 f8 f7 f8 f0 f8 ef f8 f1 f8 
f4 f8 f7 f8 f1 f8 f1 f8 f2 f8 f8 f8 f6 f8 f3 f8 f0 f8 f3 f8 f4 f8 f5 f8 f2 f8 ef f8 f0 f8 fa f8 
f9 f8 f2 f8 f1 f8 f4 f8 f9 f8 f8 f8 f0 f8 f1 f8 f5 f8 fa f8 f7 f8 ee f8 f2 f8 f8 f8 f7 f8 f4 f8 
f0 f8 ef f8 fa f8 f8 f8 f1 f8 ed f8 f4 f8 f6 f8 f3 f8 ef f8 ee f8 f7 f8 f9 f8 f6 f8 f2 f8 f1 f8 
f7 f8 f7 f8 f3 f8 f6 f8 f2 f8 f6 f8 f4 f8 f6 f8 f5 f8 f6 f8 f3 f8 f3 f8 f5 f8 f1 f8 ee f8 f4 f8 
f5 f8 fa f8 f2 f8 f1 f8 f0 f8 f8 f8 f7 f8 f2 f8 ec f8 f4 f8 fe f8 f9 f8 ea f8 ed f8 f9 f8 fc f8 
f4 f8 f1 f8 f0 f8 f9 f8 fb f8 f5 f8 ef f8 f2 f8 f3 f8 f6 f8 f2 f8 f3 f8 f2 f8 f6 f8 f3 f8 f2 f8 
f6 f8 f5 f8 f3 f8 f2 f8 f5 f8 f4 f8 f3 f8 f2 f8 f4 f8 f7 f8 f2 f8 f4 f8 f4 f8 f3 f8 f5 f8 f4 f8 
f0 f8 f6 f8 fa f8 f4 f8 f0 f8 f1 f8 f4 f8 f9 f8 f0 f8 f0 f8 f1 f8 f6 f8 f7 f8 f4 f8 f2 f8 f2 f8 
f9 f8 f6 f8 f2 f8 f2 f8 f1 f8 f4 f8 f9 f8 f2 f8 f1 f8 f4 f8 f9 f8 f4 f8 f2 f8 f1 f8 f2 f8 f7 f8 
f4 f8 f0 f8 f2 f8 f3 f8 f7 f8 f4 f8 f2 f8 f4 f8 f4 f8 f8 f8 f3 f8 f1 f8 f3 f8 f8 f8 f5 f8 f1 f8 
f1 f8 f7 f8 f7 f8 f4 f8 f0 f8 f1 f8 f8 f8 f4 f8 f0 f8 f3 f8 f7 f8 f7 f8 f4 f8 f0 f8 f5 f8 f7 f8 
f6 f8 f4 f8 f1 f8 f3 f8 f6 f8 f2 f8 f1 f8 f3 f8 f5 f8 f7 f8 f4 f8 f1 f8 f2 f8 fb f8 f9 f8 f6 f8 
f2 f8 f3 f8 f6 f8 f6 f8 f4 f8 f4 f8 f1 f8 f1 f8 f3 f8 f5 f8 f6 f8 f3 f8 f2 f8 f2 f8 f7 f8 f7 f8 
f3 f8 f2 f8 f3 f8 f4 f8 f4 f8 f5 f8 f4 f8 f5 f8 f2 f8 f3 f8 f2 f8 f8 f8 f5 f8 f5 f8 f0 f8 f4 f8 
f6 f8 f8 f8 f5 f8 f1 f8 f4 f8 f6 f8 f7 f8 f2 f8 f3 f8 ef f8 f5 f8 f4 f8 ee f8 f2 f8 f1 f8 f4 f8 
f3 f8 f4 f8 f3 f8 f6 f8 f3 f8 f7 f8 f4 f8 f4 f8 f0 f8 f4 f8 f4 f8 f2 f8 f3 f8 f3 f8 f1 f8 f4 f8 
f3 f8 f4 f8 f6 f8 f4 f8 f5 f8 f5 f8 f0 f8 f4 f8 f5 f8 f4 f8 f5 f8 f2 f8 f2 f8 f4 f8 f6 f8 f3 f8 
f2 f8 f3 f8 f4 f8 f7 f8 f2 f8 f0 f8 f0 f8 f4 f8 f5 f8 f4 f8 f3 f8 f2 f8 f6 f8 f4 f8 f4 f8 f4 f8 
f5 f8 f7 f8 f1 f8 f2 f8 f2 f8 f6 f8 f6 f8 f2 f8 f2 f8 f4 f8 f5 f8 f5 f8 f4 f8 f2 f8 f4 f8 f7 f8 
f4 f8 f4 f8 f2 f8 f3 f8 f2 f8 f6 f8 f6 f8 f2 f8 f1 f8 f6 f8 f7 f8 f3 f8 f3 f8 f4 f8 f4 f8 f3 f8 
f3 f8 f4 f8 f2 f8 f3 f8 ee f8 f5 f8 f6 f8 f5 f8 f0 f8 f6 f8 f4 f8 f4 f8 f4 f8 f3 f8 f5 f8 f5 f8 
f5 f8 f4 f8 f4 f8 f0 f8 f4 f8 f4 f8 f0 f8 f3 f8 f6 f8 f6 f8 f2 f8 f5 f8 f4 f8 f6 f8 f4 f8 f4 f8 
f4 f8 f4 f8 f8 f8 f2 f8 f1 f8 f0 f8 f1 f8 f2 f8 f2 f8 f3 f8 f4 f8 f5 f8 f4 f8 f6 f8 f2 f8 f1 f8 
f7 f8 f7 f8 f6 f8 f2 f8 f3 f8 f6 f8 f6 f8 f6 f8 ee f8 f2 f8 f4 f8 f5 f8 f4 f8 f0 f8 f2 f8 f6 f8 
f6 f8 f4 f8 f1 f8 f4 f8 f2 f8 f4 f8 f5 f8 f1 f8 f2 f8 f5 f8 f5 f8 f2 f8 f2 f8 ee f8 f6 f8 f9 f8 
f4 f8 f2 f8 f2 f8 f2 f8 f2 f8 f4 f8 f3 f8 f4 f8 f6 f8 f8 f8 f1 f8 ef f8 f1 f8 f5 f8 f4 f8 f4 f8 
f2 f8 f4 f8 f7 f8 f3 f8 f3 f8 f2 f8 f8 f8 f8 f8 f3 f8 f1 f8 f0 f8 f6 f8 f4 f8 f1 f8 f3 f8 f2 f8 
f8 f8 f3 f8 f2 f8 f5 f8 f4 f8 f5 f8 f6 f8 f2 f8 f2 f8 f5 f8 f3 f8 f4 f8 f2 f8 f6 f8 f9 f8 f6 f8 
f5 f8 f7 f8 f9 f8 f4 f8 f1 f8 f6 f8 f6 f8 f8 f8 f3 f8 f3 f8 f4 f8 f7 f8 f4 f8 f1 f8 f2 f8 f4 f8 
f5 f8 f5 f8 f5 f8 f4 f8 f2 f8 f4 f8 f4 f8 f2 f8 f4 f8 f6 f8 f5 f8 f2 f8 f2 f8 f4 f8 f3 f8 f4 f8 
f3 f8 f4 f8 f7 f8 f4 f8 f1 f8 f4 f8 f3 f8 f1 f8 f5 f8 f6 f8 f4 f8 f4 f8 ee f8 f1 f8 f3 f8 f6 f8 
f5 f8 f4 f8 f6 f8 f6 f8 f5 f8 f2 f8 f0 f8 f4 f8 f6 f8 f2 f8 ef f8 f1 f8 f3 f8 f6 f8 f0 f8 f1 f8 
f4 f8 f5 f8 f3 f8 f4 f8 f3 f8 f6 f8 f3 f8 f4 f8 f2 f8 f2 f8 f4 f8 f1 f8 f0 f8 f4 f8 f3 f8 f7 f8 
f5 f8 f6 f8 f6 f8 f4 f8 f3 f8 f3 f8 f4 f8 f5 f8 f1 f8 f6 f8 f4 f8 f5 f8 f3 f8 ef f8 ef f8 f6 f8 
f5 f8 f2 f8 f0 f8 f2 f8 f6 f8 f7 f8 f4 f8 f4 f8 f3 f8 f2 f8 f3 f8 f4 f8 f5 f8 f4 f8 f3 f8 f4 f8 
f6 f8 f4 f8 f4 f8 f0 f8 f3 f8 f4 f8 f6 f8 f4 f8 f0 f8 f6 f8 f5 f8 f4 f8 f4 f8 f3 f8 f3 f8 f8 f8 
f5 f8 f1 f8 f1 f8 f7 f8 f5 f8 f2 f8 f0 f8 f2 f8 f7 f8 f8 f8 f6 f8 f4 f8 f3 f8 f7 f8 f7 f8 f1 f8 
f5 f8 f8 f8 f9 f8 f5 f8 f2 f8 f4 f8 f4 f8 f6 f8 10 e2 5a 1e 41 c8 a3 6c 04 06 00 13 20 0a 1d 5b 
00 00 00 00 00 00 03 2a 44 00 40 00 00 00 1d 5a 10 e0 00 06 41 1b a3 b6 00 1d 5a 11 00 c8 00 c8 
40 04 00 04 00 00 00 00 19 f9 1d f9 23 f9 29 f9 23 f9 29 f9 1e f9 20 f9 1a f9 22 f9 20 f9 22 f9 
1d f9 23 f9 1f f9 23 f9 1d f9 21 f9 22 f9 28 f9 20 f9 25 f9 1f f9 26 f9 20 f9 21 f9 1d f9 22 f9 
1a f9 22 f9 1c f9 22 f9 21 f9 25 f9 1c f9 24 f9 20 f9 25 f9 1f f9 24 f9 25 f9 26 f9 1f f9 24 f9 
20 f9 26 f9 20 f9 1f f9 19 f9 24 f9 1f f9 21 f9 1b f9 1a f9 1e f9 29 f9 23 f9 22 f9 1e f9 25 f9 
26 f9 25 f9 1d f9 1f f9 20 f9 26 f9 20 f9 21 f9 1b f9 22 f9 1e f9 24 f9 19 f9 20 f9 1f f9 28 f9 
1e f9 20 f9 1f f9 26 f9 20 f9 24 f9 1f f9 23 f9 21 f9 24 f9 1e f9 22 f9 1f f9 23 f9 20 f9 25 f9 
22 f9 24 f9 23 f9 21 f9 1f f9 24 f9 23 f9 22 f9 1e f9 25 f9 21 f9 21 f9 17 f9 22 f9 1e f9 28 f9 
1b f9 1c f9 1f f9 28 f9 1e f9 1a f9 1e f9 27 f9 25 f9 20 f9 19 f9 26 f9 26 f9 29 f9 1d f9 1d f9 
20 f9 2a f9 23 f9 1e f9 1a f9 22 f9 23 f9 23 f9 13 f9 22 f9 21 f9 26 f9 1e f9 1e f9 21 f9 2b f9 
20 f9 22 f9 20 f9 28 f9 25 f9 23 f9 1e f9 23 f9 21 f9 20 f9 1e f9 23 f9 24 f9 25 f9 1d f9 25 f9 
20 f9 26 f9 1f f9 1f f9 21 f9 2a f9 23 f9 21 f9 19 f9 25 f9 25 f9 25 f9 1d f9 1d f9 1f f9 28 f9 
1f f9 21 f9 1d f9 26 f9 26 f9 22 f9 1d f9 23 f9 26 f9 2b f9 1d f9 1e f9 20 f9 2a f9 23 f9 21 f9 
1a f9 22 f9 26 f9 22 f9 1b f9 22 f9 24 f9 29 f9 1e f9 1e f9 1c f9 26 f9 26 f9 25 f9 1b f9 21 f9 
24 f9 28 f9 1e f9 1d f9 1b f9 28 f9 20 f9 1c f9 1a f9 22 f9 24 f9 25 f9 1d f9 1f f9 25 f9 28 f9 
25 f9 24 f9 1e f9 26 f9 26 f9 20 f9 1e f9 21 f9 1e f9 25 f9 20 f9 24 f9 1d f9 24 f9 21 f9 26 f9 
1f f9 23 f9 21 f9 24 f9 1f f9 24 f9 20 f9 22 f9 20 f9 24 f9 1d f9 23 f9 1e f9 23 f9 1e f9 24 f9 
1e f9 26 f9 22 f9 26 f9 1d f9 21 f9 24 f9 28 f9 21 f9 23 f9 1e f9 26 f9 20 f9 24 f9 20 f9 21 f9 
1e f9 24 f9 1d f9 1e f9 1f f9 28 f9 21 f9 21 f9 1e f9 24 f9 21 f9 28 f9 1e f9 23 f9 1f f9 24 f9 
1d f9 21 f9 1f f9 21 f9 1e f9 1f f9 20 f9 24 f9 20 f9 26 f9 1d f9 23 f9 24 f9 26 f9 20 f9 24 f9 
28 f9 2b f9 20 f9 21 f9 17 f9 24 f9 1f f9 24 f9 19 f9 1c f9 1e f9 24 f9 21 f9 24 f9 1b f9 23 f9 
25 f9 26 f9 20 f9 21 f9 20 f9 2b f9 25 f9 23 f9 16 f9 23 f9 25 f9 29 f9 1b f9 1b f9 1f f9 28 f9 
26 f9 1e f9 17 f9 28 f9 2a f9 28 f9 19 f9 1e f9 24 f9 2f f9 1e f9 1a f9 19 f9 2a f9 2b f9 1f f9 
10 f9 1f f9 29 f9 29 f9 19 f9 18 f9 20 f9 30 f9 25 f9 1e f9 16 f9 28 f9 30 f9 29 f9 18 f9 1e f9 
23 f9 2e f9 22 f9 15 f9 19 f9 29 f9 26 f9 1f f9 17 f9 22 f9 25 f9 28 f9 1b f9 1e f9 1e f9 29 f9 
24 f9 24 f9 1d f9 25 f9 21 f9 20 f9 20 f9 23 f9 1c f9 20 f9 1c f9 24 f9 1f f9 1f f9 1e f9 25 f9 
26 f9 24 f9 1c f9 26 f9 25 f9 28 f9 1e f9 1f f9 20 f9 30 f9 24 f9 23 f9 1b f9 26 f9 28 f9 29 f9 
1f f9 29 f9 2d f9 2e f9 25 f9 2a f9 2d f9 38 f9 30 f9 2c f9 27 f9 35 f9 34 f9 34 f9 2b f9 2b f9 
34 f9 41 f9 34 f9 2e f9 2f f9 3c f9 3b f9 3a f9 2f f9 3d f9 42 f9 49 f9 3d f9 3a f9 3b f9 48 f9 
41 f9 3e f9 35 f9 43 f9 49 f9 49 f9 41 f9 42 f9 44 f9 4a f9 45 f9 45 f9 3e f9 49 f9 4a f9 4a f9 
42 f9 45 f9 4a f9 51 f9 4d f9 4b f9 4d f9 50 f9 4b f9 4d f9 4a f9 51 f9 4d f9 54 f9 4a f9 4e f9 
4a f9 52 f9 4a f9 4a f9 4c f9 52 f9 4f f9 4b f9 45 f9 4c f9 44 f9 47 f9 41 f9 48 f9 44 f9 48 f9 
43 f9 45 f9 40 f9 45 f9 46 f9 4a f9 45 f9 4c f9 4c f9 4e f9 4b f9 4d f9 4a f9 4a f9 42 f9 4b f9 
45 f9 4c f9 46 f9 45 f9 4c f9 50 f9 4a f9 48 f9 45 f9 50 f9 46 f9 47 f9 41 f9 48 f9 4a f9 4d f9 
45 f9 43 f9 46 f9 4a f9 4a f9 42 f9 3b f9 4a f9 45 f9 44 f9 39 f9 3e f9 43 f9 4b f9 46 f9 42 f9 
3e f9 4a f9 49 f9 3f f9 3b f9 41 f9 47 f9 45 f9 3b f9 3c f9 3d f9 4d f9 44 f9 3d f9 3c f9 47 f9 
47 f9 43 f9 37 f9 3b f9 40 f9 47 f9 3c f9 3a f9 3a f9 45 f9 3e f9 3f f9 36 f9 3e f9 3d f9 42 f9 
37 f9 3d f9 3b f9 3e f9 3e f9 3e f9 39 f9 3a f9 37 f9 3e f9 3b f9 3c f9 37 f9 3a f9 3a f9 40 f9 
39 f9 3e f9 36 f9 3c f9 3a f9 3d f9 36 f9 37 f9 34 f9 3d f9 39 f9 3b f9 33 f9 3e f9 3d f9 37 f9 
2d f9 35 f9 38 f9 42 f9 33 f9 2e f9 31 f9 40 f9 37 f9 35 f9 2c f9 36 f9 3f f9 3f f9 2e f9 36 f9 
3b f9 42 f9 3d f9 32 f9 30 f9 3d f9 3e f9 39 f9 2c f9 34 f9 39 f9 44 f9 36 f9 30 f9 33 f9 41 f9 
3d f9 39 f9 35 f9 3d f9 42 f9 44 f9 36 f9 36 f9 34 f9 42 f9 3c f9 35 f9 31 f9 39 f9 37 f9 3d f9 
35 f9 35 f9 36 f9 3d f9 3b f9 3d f9 38 f9 3c f9 3c f9 40 f9 34 f9 3a f9 37 f9 3c f9 34 f9 34 f9 
2b f9 34 f9 36 f9 3a f9 2c f9 32 f9 35 f9 38 f9 34 f9 35 f9 30 f9 3b f9 37 f9 38 f9 2e f9 34 f9 
33 f9 38 f9 31 f9 2d f9 29 f9 33 f9 33 f9 34 f9 31 f9 32 f9 32 f9 36 f9 2b f9 2a f9 2b f9 32 f9 
31 f9 2e f9 2a f9 31 f9 30 f9 32 f9 2b f9 2a f9 2a f9 35 f9 2d f9 2b f9 29 f9 2f f9 2a f9 30 f9 
2b f9 2c f9 2f f9 32 f9 2a f9 2f f9 30 f9 36 f9 2d f9 32 f9 2f f9 30 f9 2d f9 2e f9 2b f9 30 f9 
2a f9 2d f9 2a f9 30 f9 2e f9 32 f9 2c f9 31 f9 2e f9 35 f9 2a f9 2e f9 2b f9 32 f9 29 f9 2a f9 
26 f9 2e f9 29 f9 2f f9 25 f9 29 f9 2b f9 35 f9 2f f9 2b f9 2b f9 31 f9 2f f9 30 f9 28 f9 2e f9 
29 f9 2e f9 28 f9 28 f9 26 f9 2c f9 28 f9 26 f9 27 f9 2e f9 2f f9 2d f9 27 f9 2c f9 2d f9 2e f9 
27 f9 29 f9 2a f9 2e f9 28 f9 2d f9 29 f9 2f f9 2d f9 2e f9 26 f9 2c f9 2b f9 28 f9 25 f9 28 f9 
28 f9 2c f9 2a f9 2c f9 2a f9 30 f9 2d f9 2c f9 23 f9 2b f9 2d f9 31 f9 25 f9 24 f9 22 f9 2a f9 
28 f9 26 f9 23 f9 2b f9 2a f9 2f f9 26 f9 2c f9 2a f9 2c f9 29 f9 2c f9 23 f9 2b f9 2a f9 2b f9 
23 f9 28 f9 25 f9 2c f9 22 f9 28 f9 23 f9 28 f9 2a f9 2c f9 22 f9 26 f9 25 f9 30 f9 28 f9 2a f9 
26 f9 2b f9 2a f9 29 f9 22 f9 2a f9 2b f9 2b f9 25 f9 2a f9 27 f9 2c f9 2a f9 2b f9 27 f9 2b f9 
29 f9 2d f9 25 f9 26 f9 26 f9 2a f9 28 f9 2a f9 24 f9 24 f9 24 f9 2b f9 28 f9 29 f9 24 f9 2b f9 
2b f9 2b f9 23 f9 2a f9 27 f9 2e f9 24 f9 28 f9 23 f9 2b f9 2a f9 29 f9 1e f9 28 f9 27 f9 2c f9 
25 f9 23 f9 26 f9 2b f9 2a f9 28 f9 22 f9 2c f9 2b f9 2e f9 23 f9 28 f9 26 f9 2b f9 23 f9 29 f9 
23 f9 28 f9 23 f9 29 f9 21 f9 26 f9 24 f9 2a f9 27 f9 28 f9 25 f9 2b f9 23 f9 2b f9 27 f9 2a f9 
25 f9 29 f9 24 f9 24 f9 26 f9 28 f9 24 f9 2b f9 25 f9 28 f9 27 f9 2b f9 23 f9 25 f9 25 f9 28 f9 
25 f9 28 f9 24 f9 26 f9 26 f9 28 f9 20 f9 23 f9 25 f9 28 f9 25 f9 25 f9 1f f9 29 f9 26 f9 26 f9 
1f f9 26 f9 29 f9 28 f9 22 f9 24 f9 25 f9 2c f9 22 f9 22 f9 1d f9 26 f9 24 f9 25 f9 19 f9 24 f9 
26 f9 29 f9 20 f9 1f f9 20 f9 2a f9 27 f9 26 f9 1e f9 25 f9 26 f9 29 f9 21 f9 20 f9 22 f9 2a f9 
26 f9 1f f9 1c f9 24 f9 28 f9 29 f9 1e f9 22 f9 23 f9 2b f9 28 f9 25 f9 20 f9 28 f9 27 f9 2b f9 
1f f9 1f f9 23 f9 2c f9 25 f9 21 f9 1d f9 25 f9 26 f9 22 f9 20 f9 26 f9 2a f9 30 f9 24 f9 23 f9 
20 f9 30 f9 2b f9 26 f9 19 f9 20 f9 2b f9 2e f9 1d f9 19 f9 20 f9 2b f9 29 f9 21 f9 18 f9 22 f9 
2d f9 2e f9 1f f9 1a f9 27 f9 34 f9 29 f9 20 f9 18 f9 2b f9 2f f9 2b f9 16 f9 1a f9 25 f9 32 f9 
22 f9 19 f9 1b f9 2d f9 30 f9 26 f9 19 f9 21 f9 2b f9 30 f9 1d f9 1e f9 23 f9 2d f9 26 f9 1c f9 
19 f9 21 f9 28 f9 24 f9 18 f9 23 f9 25 f9 25 f9 27 f9 24 f9 20 f9 28 f9 27 f9 2b f9 20 f9 22 f9 
20 f9 2a f9 20 f9 20 f9 1d f9 1f f9 24 f9 29 f9 1e f9 1c f9 1b f9 29 f9 26 f9 25 f9 1a f9 22 f9 
28 f9 2b f9 1e f9 19 f9 20 f9 2c f9 27 f9 1d f9 16 f9 24 f9 25 f9 25 f9 1b f9 1d f9 23 f9 2a f9 
20 f9 20 f9 1e f9 25 f9 26 f9 28 f9 1d f9 23 f9 21 f9 26 f9 1e f9 20 f9 1d f9 24 f9 1f f9 28 f9 
1e f9 24 f9 21 f9 28 f9 23 f9 21 f9 22 f9 28 f9 22 f9 27 f9 21 f9 26 f9 21 f9 26 f9 21 f9 24 f9 
1c f9 23 f9 21 f9 25 f9 1f f9 22 f9 1f f9 26 f9 1f f9 26 f9 1d f9 26 f9 27 f9 28 f9 20 f9 25 f9 
21 f9 28 f9 1e f9 1d f9 1b f9 27 f9 1e f9 23 f9 1e f9 22 f9 23 f9 23 f9 1e f9 21 f9 24 f9 28 f9 
1f f9 24 f9 24 f9 28 f9 20 f9 21 f9 20 f9 25 f9 21 f9 21 f9 17 f9 26 f9 23 f9 29 f9 1c f9 23 f9 
24 f9 2b f9 23 f9 1f f9 1c f9 29 f9 25 f9 26 f9 20 f9 24 f9 26 f9 28 f9 1e f9 1d f9 1d f9 28 f9 
21 f9 21 f9 1c f9 24 f9 26 f9 28 f9 1f f9 25 f9 26 f9 29 f9 1f f9 23 f9 1d f9 28 f9 20 f9 24 f9 
1a f9 26 f9 20 f9 21 f9 1b f9 1f f9 1f f9 25 f9 1f f9 23 f9 1f f9 28 f9 24 f9 28 f9 22 f9 24 f9 
22 f9 25 f9 21 f9 22 f9 20 f9 1f f9 1f f9 26 f9 1c f9 24 f9 1e f9 26 f9 23 f9 24 f9 20 f9 26 f9 
24 f9 25 f9 20 f9 1f f9 21 f9 28 f9 21 f9 20 f9 1d f9 23 f9 23 f9 23 f9 1d f9 21 f9 1f f9 26 f9 
22 f9 23 f9 1f f9 2a f9 24 f9 24 f9 20 f9 23 f9 21 f9 28 f9 1f f9 22 f9 1c f9 24 f9 20 f9 25 f9 
1e f9 20 f9 20 f9 28 f9 20 f9 25 f9 23 f9 28 f9 23 f9 25 f9 20 f9 24 f9 1f f9 23 f9 23 f9 25 f9 
1e f9 24 f9 1d f9 24 f9 1e f9 21 f9 20 f9 25 f9 22 f9 25 f9 1f f9 22 f9 21 f9 2b f9 21 f9 24 f9 
1e f9 26 f9 23 f9 22 f9 1c f9 23 f9 20 f9 22 f9 1c f9 20 f9 20 f9 29 f9 22 f9 24 f9 1e f9 26 f9 
23 f9 28 f9 21 f9 21 f9 1e f9 26 f9 20 f9 23 f9 1e f9 24 f9 1e f9 26 f9 20 f9 23 f9 1b f9 24 f9 
26 f9 2c f9 20 f9 1e f9 21 f9 2b f9 23 f9 20 f9 1d f9 28 f9 24 f9 26 f9 1b f9 1e f9 20 f9 2d f9 
1d f9 1d f9 1b f9 26 f9 25 f9 28 f9 20 f9 25 f9 26 f9 28 f9 1f f9 24 f9 1f f9 2b f9 24 f9 1f f9 
1d f9 23 f9 20 f9 28 f9 1d f9 22 f9 21 f9 28 f9 23 f9 22 f9 1d f9 28 f9 23 f9 24 f9 20 f9 20 f9 
22 f9 24 f9 20 f9 1f f9 1b f9 22 f9 22 f9 26 f9 1b f9 22 f9 20 f9 28 f9 1f f9 21 f9 1f f9 26 f9 
24 f9 28 f9 1d f9 20 f9 20 f9 29 f9 1e f9 20 f9 1a f9 27 f9 22 f9 22 f9 1d f9 23 f9 25 f9 29 f9 
1e f9 21 f9 25 f9 2a f9 25 f9 22 f9 1d f9 2b f9 29 f9 26 f9 1e f9 23 f9 20 f9 28 f9 1d f9 1e f9 
1e f9 26 f9 21 f9 1e f9 1f f9 29 f9 26 f9 25 f9 19 f9 24 f9 26 f9 2a f9 1e f9 1e f9 20 f9 22 f9 
1e f9 20 f9 1e f9 24 f9 22 f9 1f f9 1d f9 23 f9 25 f9 29 f9 1c f9 21 f9 27 f9 2b f9 20 f9 23 f9 
1d f9 2b f9 23 f9 1e f9 1b f9 23 f9 1e f9 23 f9 19 f9 20 f9 1e f9 24 f9 1f f9 1e f9 21 f9 29 f9 
24 f9 21 f9 21 f9 24 f9 23 f9 25 f9 21 f9 1e f9 19 f9 23 f9 21 f9 24 f9 1e f9 23 f9 1e f9 25 f9 
21 f9 26 f9 21 f9 24 f9 27 f9 25 f9 20 f9 23 f9 23 f9 25 f9 25 f9 1f f9 1a f9 22 f9 20 f9 21 f9 
1d f9 23 f9 23 f9 25 f9 21 f9 23 f9 23 f9 26 f9 23 f9 24 f9 1f f9 24 f9 23 f9 28 f9 1e f9 22 f9 
1e f9 23 f9 1d f9 20 f9 1f f9 23 f9 22 f9 28 f9 24 f9 24 f9 20 f9 25 f9 22 f9 24 f9 21 f9 22 f9 
1f f9 20 f9 1b f9 23 f9 21 f9 20 f9 1e f9 21 f9 1d f9 24 f9 23 f9 25 f9 21 f9 29 f9 23 f9 26 f9 
21 f9 2a f9 27 f9 22 f9 1e f9 24 f9 26 f9 25 f9 1e f9 21 f9 1f f9 25 f9 20 f9 20 f9 1e f9 24 f9 
23 f9 25 f9 1b f9 20 f9 10 9d 5a 1e 41 ab a3 46 04 5e 40 2b 20 3d 1d 27 00 00 00 00 00 00 03 2b 
44 00 80 00 00 00 1d 5a 10 e0 00 06 41 1b a3 b6 00 1d 5a 11 00 c8 00 c8 40 04 00 08 00 00 00 00 
1c f9 24 f9 1f f9 1d f9 1f f9 1d f9 1e f9 1d f9 20 f9 1b f9 1f f9 1b f9 1f f9 1a f9 22 f9 1c f9 
1f f9 1c f9 1e f9 1a f9 1d f9 1c f9 24 f9 20 f9 1d f9 1d f9 1d f9 1c f9 20 f9 1c f9 1c f9 1e f9 
22 f9 1c f9 1c f9 1a f9 1c f9 22 f9 1c f9 1b f9 1b f9 20 f9 22 f9 1e f9 1c f9 17 f9 1f f9 20 f9 
22 f9 19 f9 1a f9 1b f9 23 f9 1a f9 1c f9 18 f9 22 f9 23 f9 21 f9 1b f9 1b f9 1f f9 20 f9 1f f9 
1c f9 1d f9 20 f9 20 f9 1f f9 17 f9 1f f9 1e f9 22 f9 1a f9 1c f9 1b f9 20 f9 1c f9 20 f9 1c f9 
1b f9 1b f9 21 f9 21 f9 23 f9 1a f9 1e f9 22 f9 22 f9 1e f9 1a f9 19 f9 20 f9 1f f9 20 f9 18 f9 
1f f9 1f f9 23 f9 1c f9 1b f9 18 f9 1f f9 1f f9 1c f9 16 f9 1d f9 1c f9 21 f9 1a f9 1a f9 1e f9 
22 f9 18 f9 1b f9 17 f9 22 f9 1d f9 1f f9 18 f9 1e f9 20 f9 22 f9 19 f9 1e f9 1c f9 24 f9 20 f9 
1c f9 17 f9 1c f9 1f f9 1c f9 19 f9 1f f9 1d f9 1f f9 1e f9 1d f9 19 f9 22 f9 1e f9 1f f9 21 f9 
20 f9 1b f9 1d f9 1a f9 20 f9 1e f9 1b f9 1d f9 20 f9 20 f9 22 f9 19 f9 1c f9 22 f9 23 f9 19 f9 
19 f9 1b f9 23 f9 21 f9 1a f9 18 f9 20 f9 20 f9 23 f9 1a f9 1a f9 1e f9 23 f9 1c f9 17 f9 16 f9 
21 f9 1e f9 20 f9 18 f9 1d f9 21 f9 28 f9 1a f9 18 f9 1c f9 23 f9 20 f9 1f f9 18 f9 1c f9 1e f9 
20 f9 19 f9 1b f9 1d f9 23 f9 1e f9 1d f9 1a f9 1f f9 20 f9 1f f9 19 f9 20 f9 1d f9 25 f9 1e f9 
1c f9 1b f9 21 f9 1e f9 1d f9 1e f9 20 f9 1e f9 21 f9 1b f9 20 f9 1b f9 21 f9 1e f9 1e f9 1e f9 
20 f9 1c f9 22 f9 1c f9 1d f9 1f f9 1e f9 1d f9 1c f9 1b f9 1c f9 1a f9 1d f9 1c f9 1d f9 1b f9 
21 f9 1c f9 22 f9 1d f9 1e f9 20 f9 21 f9 1d f9 1a f9 18 f9 21 f9 20 f9 1c f9 1b f9 1a f9 1d f9 
22 f9 1f f9 1d f9 19 f9 20 f9 20 f9 1d f9 1b f9 1f f9 1e f9 1f f9 1a f9 1e f9 1d f9 20 f9 1a f9 
1e f9 1c f9 1b f9 1e f9 24 f9 1c f9 1d f9 1d f9 22 f9 1c f9 20 f9 1e f9 1c f9 1e f9 1b f9 1a f9 
20 f9 1a f9 1d f9 1a f9 1f f9 19 f9 1e f9 1e f9 1b f9 17 f9 1f f9 22 f9 20 f9 1c f9 1f f9 1d f9 
26 f9 18 f9 1f f9 1d f9 18 f9 22 f9 1f f9 16 f9 1a f9 1c f9 22 f9 1b f9 1a f9 1c f9 1f f9 1e f9 
1a f9 19 f9 22 f9 20 f9 1c f9 17 f9 1e f9 23 f9 20 f9 18 f9 16 f9 1a f9 25 f9 20 f9 1b f9 16 f9 
1e f9 23 f9 21 f9 18 f9 18 f9 20 f9 27 f9 20 f9 18 f9 17 f9 20 f9 23 f9 1e f9 16 f9 1c f9 20 f9 
22 f9 18 f9 18 f9 19 f9 25 f9 20 f9 1f f9 15 f9 22 f9 22 f9 27 f9 19 f9 18 f9 1b f9 23 f9 1e f9 
1b f9 15 f9 1c f9 20 f9 21 f9 1c f9 1a f9 18 f9 20 f9 1e f9 20 f9 1b f9 1b f9 1b f9 25 f9 20 f9 
1c f9 16 f9 1f f9 1e f9 21 f9 18 f9 18 f9 1e f9 21 f9 20 f9 1d f9 16 f9 1c f9 21 f9 22 f9 18 f9 
1c f9 1e f9 23 f9 22 f9 1f f9 1e f9 22 f9 22 f9 20 f9 19 f9 1d f9 1e f9 21 f9 1b f9 1b f9 20 f9 
23 f9 1e f9 1e f9 18 f9 22 f9 1e f9 22 f9 19 f9 1f f9 21 f9 24 f9 19 f9 18 f9 1b f9 22 f9 20 f9 
1c f9 15 f9 20 f9 22 f9 25 f9 19 f9 1a f9 22 f9 22 f9 20 f9 1b f9 1a f9 21 f9 1f f9 20 f9 1a f9 
19 f9 1a f9 20 f9 1b f9 1a f9 1a f9 1f f9 23 f9 1c f9 1a f9 1e f9 21 f9 21 f9 1c f9 1d f9 1e f9 
21 f9 1a f9 1b f9 1b f9 21 f9 1e f9 1f f9 1b f9 1d f9 20 f9 23 f9 1c f9 1d f9 17 f9 1f f9 1e f9 
1e f9 1d f9 1f f9 1d f9 1e f9 1d f9 1f f9 22 f9 21 f9 1a f9 1e f9 1e f9 1f f9 18 f9 1d f9 1a f9 
21 f9 1a f9 1c f9 1b f9 1e f9 1e f9 21 f9 1d f9 1f f9 1e f9 21 f9 1a f9 1c f9 1f f9 1f f9 1c f9 
1d f9 19 f9 23 f9 1d f9 1c f9 1c f9 22 f9 1e f9 1d f9 18 f9 1e f9 1f f9 25 f9 1a f9 18 f9 1d f9 
23 f9 1e f9 1a f9 17 f9 1f f9 23 f9 20 f9 19 f9 1a f9 1e f9 23 f9 1d f9 1a f9 18 f9 23 f9 21 f9 
1d f9 19 f9 1b f9 1e f9 23 f9 1b f9 1a f9 1c f9 20 f9 1f f9 19 f9 18 f9 21 f9 1b f9 20 f9 1a f9 
1e f9 1f f9 23 f9 1c f9 1a f9 1a f9 20 f9 1c f9 21 f9 19 f9 20 f9 1b f9 1b f9 1a f9 20 f9 1c f9 
1f f9 1a f9 21 f9 1e f9 1c f9 1a f9 1f f9 21 f9 22 f9 1a f9 19 f9 1a f9 21 f9 20 f9 1a f9 15 f9 
1a f9 22 f9 24 f9 1a f9 19 f9 1e f9 23 f9 21 f9 1a f9 17 f9 20 f9 21 f9 23 f9 1a f9 18 f9 1a f9 
25 f9 20 f9 1b f9 16 f9 1e f9 20 f9 1f f9 17 f9 1c f9 1f f9 20 f9 1d f9 20 f9 1a f9 23 f9 22 f9 
1d f9 16 f9 20 f9 22 f9 1f f9 18 f9 1d f9 21 f9 24 f9 1b f9 15 f9 1a f9 24 f9 24 f9 1c f9 16 f9 
1e f9 1c f9 25 f9 1b f9 19 f9 1a f9 25 f9 22 f9 1d f9 17 f9 1e f9 1e f9 1f f9 1a f9 1a f9 1b f9 
20 f9 1d f9 20 f9 1a f9 1f f9 1c f9 24 f9 1d f9 1d f9 1a f9 1b f9 1c f9 1f f9 18 f9 1c f9 1b f9 
1d f9 20 f9 20 f9 19 f9 1c f9 1d f9 23 f9 1c f9 1b f9 1e f9 24 f9 21 f9 1e f9 19 f9 21 f9 20 f9 
20 f9 1a f9 1d f9 1c f9 1f f9 1e f9 1f f9 1b f9 23 f9 1b f9 1f f9 1b f9 21 f9 1e f9 22 f9 1c f9 
1e f9 1b f9 20 f9 1d f9 1f f9 1c f9 20 f9 1b f9 1d f9 1d f9 20 f9 1a f9 1d f9 1c f9 1f f9 1e f9 
1f f9 21 f9 20 f9 1b f9 1f f9 1c f9 1d f9 1e f9 20 f9 19 f9 1a f9 20 f9 1d f9 1c f9 1c f9 1e f9 
21 f9 1b f9 20 f9 19 f9 20 f9 21 f9 22 f9 1a f9 1a f9 1d f9 22 f9 20 f9 20 f9 19 f9 1e f9 1e f9 
20 f9 1a f9 1b f9 1d f9 20 f9 1d f9 1e f9 1b f9 1e f9 1e f9 21 f9 1a f9 1e f9 1f f9 23 f9 1e f9 
1b f9 1d f9 21 f9 19 f9 1f f9 1d f9 1e f9 1d f9 1e f9 20 f9 1f f9 1b f9 1e f9 1b f9 22 f9 1e f9 
1e f9 1b f9 19 f9 1c f9 22 f9 20 f9 1d f9 18 f9 1d f9 1e f9 23 f9 1a f9 19 f9 1b f9 21 f9 1e f9 
1f f9 1a f9 21 f9 23 f9 23 f9 18 f9 1b f9 1c f9 20 f9 1c f9 19 f9 1d f9 1e f9 1e f9 21 f9 1b f9 
1d f9 1b f9 20 f9 1c f9 1b f9 1e f9 20 f9 1c f9 1c f9 1b f9 1c f9 1d f9 1d f9 1b f9 1d f9 1e f9 
1d f9 18 f9 1b f9 1b f9 20 f9 1e f9 22 f9 1f f9 1d f9 1c f9 20 f9 1e f9 1d f9 1e f9 21 f9 1e f9 
1e f9 1e f9 1e f9 1c f9 1f f9 1d f9 1f f9 19 f9 1f f9 1e f9 20 f9 1d f9 1d f9 1e f9 1f f9 21 f9 
22 f9 19 f9 1f f9 1d f9 22 f9 1e f9 1b f9 1b f9 1e f9 1b f9 1f f9 1d f9 20 f9 1e f9 21 f9 1e f9 
1c f9 1d f9 22 f9 21 f9 21 f9 19 f9 1e f9 20 f9 22 f9 19 f9 1f f9 19 f9 1d f9 1a f9 1b f9 1c f9 
20 f9 1e f9 1f f9 1d f9 1d f9 1f f9 22 f9 1c f9 1d f9 1e f9 24 f9 1d f9 1e f9 1d f9 1c f9 1a f9 
1e f9 1c f9 1f f9 1e f9 20 f9 22 f9 1f f9 1b f9 20 f9 1e f9 1e f9 1a f9 1b f9 1c f9 20 f9 1b f9 
1d f9 1d f9 1e f9 18 f9 1c f9 19 f9 1f f9 1c f9 20 f9 1e f9 1c f9 1a f9 21 f9 1f f9 20 f9 1b f9 
1f f9 1e f9 22 f9 1c f9 19 f9 20 f9 25 f9 1c f9 1c f9 18 f9 1f f9 1f f9 1e f9 17 f9 1e f9 22 f9 
23 f9 1a f9 1f f9 1d f9 23 f9 1f f9 1a f9 1c f9 20 f9 21 f9 20 f9 18 f9 1b f9 1f f9 20 f9 1d f9 
1a f9 1e f9 20 f9 20 f9 1a f9 1a f9 22 f9 22 f9 21 f9 19 f9 18 f9 1b f9 24 f9 1e f9 1b f9 18 f9 
1f f9 1e f9 1d f9 1a f9 18 f9 1b f9 26 f9 21 f9 1f f9 16 f9 1e f9 22 f9 25 f9 1b f9 1b f9 16 f9 
25 f9 21 f9 1c f9 16 f9 19 f9 22 f9 26 f9 18 f9 18 f9 1e f9 27 f9 23 f9 1c f9 16 f9 22 f9 23 f9 
22 f9 18 f9 1c f9 20 f9 27 f9 1d f9 18 f9 17 f9 1f f9 23 f9 1d f9 16 f9 20 f9 22 f9 24 f9 1a f9 
16 f9 1a f9 23 f9 22 f9 1e f9 14 f9 1d f9 23 f9 25 f9 1c f9 18 f9 19 f9 23 f9 23 f9 1d f9 16 f9 
20 f9 23 f9 25 f9 1a f9 1a f9 18 f9 27 f9 26 f9 1d f9 17 f9 1c f9 21 f9 22 f9 1b f9 1a f9 19 f9 
27 f9 21 f9 18 f9 17 f9 1a f9 1f f9 26 f9 19 f9 1b f9 1b f9 26 f9 20 f9 1c f9 16 f9 1e f9 23 f9 
22 f9 1e f9 19 f9 1c f9 25 f9 1e f9 1a f9 15 f9 20 f9 23 f9 21 f9 16 f9 1a f9 22 f9 27 f9 1d f9 
19 f9 17 f9 22 f9 21 f9 20 f9 16 f9 1a f9 1e f9 22 f9 1b f9 1b f9 1a f9 24 f9 1e f9 1d f9 19 f9 
1d f9 1e f9 21 f9 1a f9 1d f9 1a f9 20 f9 1e f9 1f f9 1d f9 1c f9 1f f9 22 f9 1c f9 1d f9 15 f9 
20 f9 21 f9 1f f9 1b f9 18 f9 21 f9 24 f9 1c f9 1c f9 1b f9 22 f9 20 f9 20 f9 19 f9 1b f9 1b f9 
1f f9 1a f9 1d f9 1b f9 1f f9 1e f9 1f f9 1b f9 20 f9 1e f9 20 f9 1e f9 1e f9 19 f9 1c f9 1e f9 
1d f9 1b f9 20 f9 1e f9 1b f9 18 f9 1f f9 1f f9 1e f9 18 f9 1a f9 1d f9 1f f9 19 f9 20 f9 1b f9 
21 f9 1c f9 1b f9 19 f9 20 f9 1d f9 20 f9 16 f9 1a f9 21 f9 22 f9 1d f9 19 f9 1e f9 23 f9 1d f9 
1e f9 19 f9 22 f9 21 f9 21 f9 1a f9 1d f9 22 f9 22 f9 1b f9 19 f9 16 f9 1f f9 1d f9 20 f9 1b f9 
1f f9 20 f9 1e f9 19 f9 1f f9 1d f9 23 f9 1c f9 1d f9 1c f9 1d f9 20 f9 20 f9 1e f9 1f f9 1e f9 
1b f9 1c f9 1e f9 1d f9 22 f9 1d f9 20 f9 1a f9 1e f9 1d f9 20 f9 1e f9 1f f9 1b f9 1f f9 1e f9 
1e f9 1a f9 20 f9 1b f9 1d f9 1d f9 1f f9 1b f9 1f f9 1e f9 1d f9 1d f9 1e f9 20 f9 22 f9 1b f9 
20 f9 1e f9 20 f9 1c f9 1d f9 1b f9 1e f9 1a f9 20 f9 1b f9 1c f9 1b f9 22 f9 1e f9 1f f9 1a f9 
1c f9 20 f9 22 f9 1e f9 1f f9 1c f9 22 f9 1e f9 1f f9 1b f9 20 f9 1b f9 20 f9 1c f9 1d f9 1e f9 
1f f9 1d f9 21 f9 1b f9 22 f9 1e f9 21 f9 1e f9 1c f9 1a f9 21 f9 1e f9 20 f9 1d f9 1f f9 1d f9 
1e f9 19 f9 1a f9 1a f9 22 f9 1f f9 1c f9 1a f9 23 f9 22 f9 22 f9 19 f9 1f f9 1c f9 20 f9 1d f9 
1d f9 1b f9 1f f9 1a f9 20 f9 1d f9 1c f9 19 f9 1e f9 20 f9 20 f9 1a f9 1f f9 1c f9 20 f9 21 f9 
1e f9 1a f9 1e f9 20 f9 27 f9 20 f9 1e f9 1b f9 1f f9 1d f9 1f f9 16 f9 1c f9 1e f9 24 f9 1e f9 
1d f9 1c f9 24 f9 23 f9 1e f9 19 f9 19 f9 1e f9 23 f9 18 f9 1c f9 1c f9 22 f9 1d f9 19 f9 18 f9 
1f f9 21 f9 22 f9 19 f9 1c f9 1d f9 22 f9 1c f9 1f f9 1b f9 21 f9 22 f9 22 f9 1a f9 1b f9 1d f9 
20 f9 18 f9 1a f9 17 f9 20 f9 20 f9 1c f9 1a f9 1f f9 1d f9 22 f9 1e f9 18 f9 1b f9 21 f9 1e f9 
20 f9 19 f9 1a f9 1c f9 20 f9 16 f9 1a f9 1c f9 21 f9 22 f9 1d f9 19 f9 20 f9 22 f9 20 f9 1d f9 
1c f9 1c f9 24 f9 1d f9 19 f9 1b f9 21 f9 1e f9 1d f9 19 f9 1f f9 1a f9 20 f9 1b f9 1c f9 1d f9 
20 f9 1b f9 20 f9 1d f9 21 f9 1e f9 1f f9 1b f9 1d f9 1b f9 1f f9 1d f9 1c f9 19 f9 1d f9 19 f9 
1e f9 1d f9 1f f9 1a f9 1e f9 1c f9 20 f9 1a f9 1b f9 19 f9 1f f9 1e f9 1f f9 18 f9 1e f9 20 f9 
23 f9 1c f9 1c f9 19 f9 20 f9 1e f9 20 f9 17 f9 1f f9 21 f9 24 f9 1a f9 18 f9 17 f9 21 f9 21 f9 
1f f9 18 f9 1b f9 1a f9 1d f9 1c f9 1d f9 1b f9 20 f9 1d f9 1c f9 18 f9 22 f9 21 f9 22 f9 1b f9 
20 f9 22 f9 20 f9 1d f9 20 f9 1c f9 22 f9 1d f9 1c f9 17 f9 1f f9 20 f9 20 f9 1d f9 21 f9 20 f9 
22 f9 1d f9 24 f9 1e f9 20 f9 1e f9 20 f9 1e f9 1c f9 1d f9 20 f9 1b f9 1c f9 18 f9 1d f9 1d f9 
23 f9 1d f9 1d f9 1a f9 20 f9 1e f9 22 f9 1b f9 1b f9 1e f9 22 f9 1d f9 1f f9 18 f9 1f f9 1a f9 
1a f9 19 f9 1f f9 1a f9 1d f9 1e f9 1b f9 1d f9 20 f9 1a f9 21 f9 20 f9 1c f9 1d f9 1f f9 1a f9 
20 f9 1e f9 1d f9 1c f9 20 f9 1a f9 1f f9 1b f9 21 f9 21 f9 24 f9 1e f9 1d f9 1c f9 23 f9 1e f9 
1e f9 1a f9 1f f9 20 f9 26 f9 1b f9 18 f9 1c f9 21 f9 1d f9 1c f9 16 f9 1f f9 22 f9 1f f9 16 f9 
10 fd 5a 15 41 d4 a3 77 04 33 80 33 20 38 1d 60 00 00 00 00 00 00 03 2b 44 00 c0 00 00 00 1d 5a 
10 e0 00 06 41 1b a3 b6 00 1d 5a 11 00 c8 00 c8 40 04 00 0c 00 00 00 00 0f f9 16 f9 11 f9 12 f9 
11 f9 12 f9 14 f9 15 f9 13 f9 11 f9 14 f9 15 f9 14 f9 16 f9 14 f9 12 f9 12 f9 13 f9 17 f9 19 f9 
16 f9 10 f9 0f f9 0f f9 16 f9 13 f9 11 f9 0e f9 11 f9 14 f9 10 f9 0c f9 14 f9 11 f9 15 f9 13 f9 
0f f9 13 f9 16 f9 11 f9 10 f9 11 f9 11 f9 11 f9 13 f9 0f f9 16 f9 14 f9 16 f9 10 f9 13 f9 13 f9 
15 f9 13 f9 11 f9 11 f9 14 f9 11 f9 14 f9 12 f9 15 f9 15 f9 11 f9 11 f9 16 f9 16 f9 15 f9 11 f9 
12 f9 11 f9 12 f9 13 f9 12 f9 14 f9 15 f9 13 f9 12 f9 10 f9 13 f9 11 f9 13 f9 11 f9 12 f9 0f f9 
11 f9 12 f9 15 f9 16 f9 14 f9 11 f9 12 f9 13 f9 17 f9 17 f9 14 f9 0f f9 14 f9 14 f9 16 f9 13 f9 
12 f9 12 f9 15 f9 12 f9 11 f9 13 f9 15 f9 13 f9 14 f9 11 f9 15 f9 12 f9 13 f9 11 f9 18 f9 14 f9 
12 f9 13 f9 11 f9 16 f9 18 f9 11 f9 0f f9 13 f9 1a f9 14 f9 12 f9 0c f9 16 f9 14 f9 16 f9 0d f9 
15 f9 15 f9 19 f9 10 f9 10 f9 12 f9 19 f9 15 f9 14 f9 10 f9 12 f9 15 f9 16 f9 10 f9 16 f9 16 f9 
12 f9 0d f9 15 f9 14 f9 16 f9 13 f9 11 f9 11 f9 13 f9 13 f9 10 f9 12 f9 15 f9 12 f9 0d f9 0e f9 
15 f9 14 f9 16 f9 0c f9 10 f9 12 f9 16 f9 14 f9 11 f9 14 f9 1d f9 14 f9 0f f9 0f f9 19 f9 1a f9 
18 f9 0d f9 10 f9 16 f9 16 f9 0e f9 13 f9 14 f9 17 f9 0d f9 13 f9 11 f9 16 f9 16 f9 16 f9 0f f9 
0f f9 11 f9 17 f9 13 f9 11 f9 13 f9 14 f9 15 f9 13 f9 13 f9 14 f9 13 f9 14 f9 14 f9 12 f9 13 f9 
15 f9 14 f9 17 f9 13 f9 11 f9 10 f9 14 f9 12 f9 12 f9 11 f9 14 f9 0f f9 15 f9 14 f9 15 f9 12 f9 
14 f9 10 f9 13 f9 12 f9 14 f9 12 f9 14 f9 11 f9 0f f9 0f f9 15 f9 14 f9 14 f9 10 f9 11 f9 14 f9 
11 f9 11 f9 14 f9 11 f9 14 f9 10 f9 13 f9 11 f9 13 f9 16 f9 14 f9 10 f9 11 f9 13 f9 17 f9 12 f9 
12 f9 14 f9 16 f9 12 f9 11 f9 13 f9 16 f9 15 f9 12 f9 11 f9 11 f9 13 f9 17 f9 15 f9 11 f9 0f f9 
15 f9 10 f9 14 f9 14 f9 16 f9 13 f9 11 f9 0f f9 16 f9 13 f9 14 f9 14 f9 13 f9 12 f9 14 f9 14 f9 
15 f9 11 f9 14 f9 15 f9 14 f9 12 f9 16 f9 13 f9 14 f9 14 f9 14 f9 0d f9 0c f9 13 f9 16 f9 13 f9 
14 f9 0d f9 14 f9 14 f9 12 f9 13 f9 12 f9 11 f9 12 f9 15 f9 10 f9 0f f9 16 f9 1a f9 15 f9 0f f9 
11 f9 16 f9 14 f9 11 f9 0f f9 10 f9 18 f9 14 f9 12 f9 0f f9 14 f9 1a f9 17 f9 0c f9 0f f9 16 f9 
1c f9 13 f9 0d f9 0f f9 18 f9 18 f9 15 f9 0f f9 12 f9 16 f9 16 f9 10 f9 10 f9 16 f9 17 f9 11 f9 
10 f9 0f f9 17 f9 16 f9 10 f9 0c f9 12 f9 14 f9 13 f9 0c f9 12 f9 14 f9 17 f9 11 f9 0f f9 13 f9 
16 f9 14 f9 13 f9 0e f9 14 f9 15 f9 14 f9 12 f9 14 f9 14 f9 14 f9 0e f9 12 f9 14 f9 14 f9 11 f9 
11 f9 11 f9 16 f9 14 f9 13 f9 13 f9 16 f9 14 f9 13 f9 11 f9 13 f9 13 f9 16 f9 14 f9 13 f9 11 f9 
13 f9 11 f9 12 f9 13 f9 16 f9 14 f9 10 f9 0f f9 16 f9 1a f9 18 f9 11 f9 16 f9 17 f9 1e f9 19 f9 
19 f9 19 f9 1a f9 18 f9 1d f9 1b f9 20 f9 1e f9 1f f9 19 f9 1d f9 25 f9 2a f9 27 f9 27 f9 23 f9 
23 f9 21 f9 24 f9 24 f9 2b f9 25 f9 24 f9 27 f9 2d f9 2b f9 2e f9 2a f9 2e f9 2d f9 2f f9 2c f9 
30 f9 31 f9 33 f9 2f f9 2d f9 36 f9 3a f9 3a f9 3a f9 39 f9 3c f9 3c f9 3a f9 34 f9 3b f9 3f f9 
38 f9 39 f9 3b f9 3f f9 42 f9 41 f9 3e f9 3f f9 47 f9 46 f9 42 f9 42 f9 49 f9 49 f9 45 f9 42 f9 
41 f9 46 f9 44 f9 3c f9 39 f9 3e f9 42 f9 3e f9 3d f9 3a f9 40 f9 42 f9 41 f9 3a f9 40 f9 45 f9 
47 f9 40 f9 3e f9 41 f9 49 f9 44 f9 43 f9 3c f9 45 f9 42 f9 40 f9 3e f9 3e f9 3f f9 3d f9 41 f9 
3c f9 3a f9 40 f9 3e f9 3e f9 3f f9 40 f9 40 f9 41 f9 41 f9 46 f9 42 f9 3e f9 38 f9 40 f9 44 f9 
40 f9 3e f9 3b f9 40 f9 40 f9 38 f9 36 f9 38 f9 41 f9 39 f9 33 f9 2f f9 36 f9 3c f9 3a f9 33 f9 
34 f9 36 f9 39 f9 3a f9 34 f9 39 f9 45 f9 3c f9 34 f9 35 f9 3e f9 47 f9 42 f9 35 f9 39 f9 3b f9 
3e f9 32 f9 31 f9 35 f9 3a f9 34 f9 34 f9 33 f9 3a f9 3b f9 38 f9 33 f9 38 f9 39 f9 39 f9 36 f9 
31 f9 34 f9 34 f9 2c f9 2f f9 33 f9 36 f9 32 f9 31 f9 30 f9 34 f9 2f f9 2c f9 2b f9 30 f9 34 f9 
31 f9 28 f9 2c f9 32 f9 32 f9 2c f9 28 f9 25 f9 2e f9 2d f9 2c f9 2b f9 2c f9 2c f9 30 f9 2c f9 
27 f9 2d f9 31 f9 2e f9 28 f9 2a f9 27 f9 2d f9 2e f9 28 f9 25 f9 21 f9 27 f9 29 f9 28 f9 22 f9 
23 f9 26 f9 27 f9 23 f9 28 f9 2b f9 2c f9 27 f9 27 f9 2a f9 29 f9 2b f9 2a f9 29 f9 25 f9 26 f9 
28 f9 27 f9 27 f9 25 f9 28 f9 2a f9 2b f9 2b f9 28 f9 27 f9 2c f9 2d f9 2b f9 23 f9 23 f9 2b f9 
29 f9 23 f9 21 f9 25 f9 28 f9 27 f9 27 f9 23 f9 22 f9 25 f9 25 f9 1f f9 21 f9 24 f9 27 f9 25 f9 
1f f9 1f f9 26 f9 28 f9 22 f9 21 f9 22 f9 23 f9 23 f9 25 f9 23 f9 25 f9 28 f9 23 f9 25 f9 22 f9 
25 f9 25 f9 24 f9 23 f9 21 f9 23 f9 25 f9 25 f9 25 f9 20 f9 23 f9 23 f9 25 f9 23 f9 28 f9 27 f9 
22 f9 1e f9 20 f9 22 f9 25 f9 25 f9 21 f9 1e f9 21 f9 23 f9 23 f9 21 f9 22 f9 25 f9 1e f9 1a f9 
1c f9 20 f9 24 f9 22 f9 1c f9 21 f9 27 f9 26 f9 24 f9 23 f9 25 f9 25 f9 21 f9 20 f9 26 f9 26 f9 
25 f9 1d f9 1e f9 21 f9 23 f9 21 f9 20 f9 20 f9 23 f9 1f f9 21 f9 20 f9 25 f9 1f f9 20 f9 1c f9 
1c f9 21 f9 21 f9 19 f9 1b f9 1e f9 20 f9 1f f9 23 f9 1d f9 25 f9 24 f9 22 f9 1e f9 22 f9 25 f9 
23 f9 1e f9 1e f9 1d f9 22 f9 1f f9 1e f9 1d f9 22 f9 1f f9 1e f9 1c f9 1c f9 1f f9 21 f9 1d f9 
1c f9 1a f9 20 f9 23 f9 24 f9 1e f9 1d f9 1e f9 1d f9 1e f9 21 f9 22 f9 22 f9 1f f9 20 f9 1d f9 
1b f9 20 f9 20 f9 1a f9 1a f9 1d f9 21 f9 25 f9 23 f9 1c f9 1f f9 23 f9 24 f9 1f f9 1a f9 1e f9 
20 f9 1d f9 1d f9 19 f9 1e f9 22 f9 21 f9 1e f9 1d f9 1e f9 1e f9 1e f9 1c f9 1c f9 21 f9 1d f9 
1e f9 1b f9 18 f9 1c f9 1e f9 1a f9 1c f9 1c f9 1d f9 1f f9 1d f9 18 f9 18 f9 19 f9 1a f9 1a f9 
18 f9 15 f9 1c f9 1b f9 18 f9 16 f9 17 f9 1b f9 1a f9 16 f9 16 f9 16 f9 19 f9 1c f9 1a f9 17 f9 
18 f9 18 f9 1d f9 18 f9 16 f9 1a f9 1d f9 1a f9 16 f9 17 f9 1f f9 1b f9 1a f9 15 f9 15 f9 19 f9 
1c f9 18 f9 18 f9 1b f9 20 f9 1d f9 18 f9 16 f9 1c f9 1d f9 1c f9 17 f9 16 f9 1a f9 1b f9 16 f9 
14 f9 16 f9 17 f9 17 f9 16 f9 15 f9 1c f9 1a f9 1a f9 15 f9 1a f9 1e f9 20 f9 16 f9 13 f9 16 f9 
1a f9 1a f9 17 f9 15 f9 17 f9 19 f9 19 f9 14 f9 16 f9 13 f9 1c f9 16 f9 16 f9 14 f9 1c f9 1a f9 
16 f9 13 f9 17 f9 14 f9 16 f9 1a f9 18 f9 16 f9 16 f9 13 f9 16 f9 14 f9 18 f9 14 f9 14 f9 15 f9 
17 f9 13 f9 12 f9 14 f9 19 f9 18 f9 14 f9 0f f9 13 f9 16 f9 1b f9 14 f9 14 f9 1d f9 1d f9 16 f9 
13 f9 16 f9 19 f9 1b f9 17 f9 0f f9 16 f9 17 f9 1b f9 14 f9 15 f9 15 f9 1d f9 19 f9 15 f9 17 f9 
1a f9 14 f9 15 f9 14 f9 15 f9 19 f9 18 f9 14 f9 15 f9 17 f9 18 f9 13 f9 16 f9 19 f9 1a f9 15 f9 
13 f9 17 f9 18 f9 15 f9 18 f9 17 f9 1b f9 14 f9 14 f9 18 f9 19 f9 15 f9 12 f9 11 f9 1a f9 1a f9 
18 f9 12 f9 18 f9 18 f9 18 f9 16 f9 12 f9 15 f9 1a f9 19 f9 13 f9 10 f9 16 f9 16 f9 14 f9 0e f9 
11 f9 14 f9 16 f9 14 f9 13 f9 15 f9 1b f9 1a f9 12 f9 11 f9 1a f9 19 f9 17 f9 0d f9 11 f9 14 f9 
1c f9 19 f9 16 f9 14 f9 17 f9 16 f9 18 f9 14 f9 16 f9 19 f9 1a f9 18 f9 12 f9 12 f9 16 f9 1a f9 
16 f9 17 f9 14 f9 14 f9 13 f9 16 f9 17 f9 13 f9 13 f9 12 f9 16 f9 14 f9 16 f9 12 f9 16 f9 14 f9 
15 f9 10 f9 14 f9 19 f9 1b f9 16 f9 14 f9 12 f9 16 f9 1a f9 18 f9 13 f9 16 f9 14 f9 1a f9 14 f9 
12 f9 0f f9 1c f9 18 f9 16 f9 10 f9 16 f9 19 f9 1b f9 13 f9 0b f9 11 f9 18 f9 16 f9 11 f9 0f f9 
18 f9 18 f9 16 f9 0d f9 14 f9 18 f9 1a f9 10 f9 0c f9 13 f9 1a f9 18 f9 13 f9 0e f9 17 f9 19 f9 
13 f9 0d f9 14 f9 1a f9 17 f9 0f f9 10 f9 13 f9 1a f9 15 f9 13 f9 14 f9 19 f9 17 f9 14 f9 0f f9 
16 f9 15 f9 18 f9 0f f9 0f f9 14 f9 18 f9 13 f9 11 f9 13 f9 17 f9 15 f9 16 f9 12 f9 13 f9 13 f9 
14 f9 10 f9 14 f9 13 f9 16 f9 13 f9 14 f9 11 f9 12 f9 13 f9 15 f9 14 f9 14 f9 14 f9 11 f9 13 f9 
18 f9 11 f9 13 f9 10 f9 14 f9 18 f9 13 f9 0d f9 14 f9 1a f9 17 f9 15 f9 0e f9 0d f9 19 f9 18 f9 
11 f9 0b f9 14 f9 1a f9 18 f9 0d f9 10 f9 17 f9 1c f9 14 f9 11 f9 14 f9 1b f9 18 f9 11 f9 0d f9 
14 f9 19 f9 16 f9 12 f9 11 f9 13 f9 1b f9 13 f9 0f f9 12 f9 19 f9 19 f9 0f f9 0d f9 13 f9 19 f9 
18 f9 0c f9 0e f9 10 f9 18 f9 14 f9 16 f9 10 f9 18 f9 16 f9 16 f9 0e f9 14 f9 13 f9 16 f9 11 f9 
10 f9 11 f9 13 f9 15 f9 17 f9 13 f9 12 f9 10 f9 15 f9 15 f9 18 f9 13 f9 14 f9 11 f9 15 f9 18 f9 
11 f9 10 f9 1a f9 19 f9 14 f9 13 f9 16 f9 18 f9 1e f9 14 f9 12 f9 12 f9 18 f9 1a f9 12 f9 10 f9 
16 f9 17 f9 16 f9 16 f9 15 f9 15 f9 16 f9 13 f9 12 f9 14 f9 16 f9 13 f9 15 f9 11 f9 12 f9 13 f9 
14 f9 16 f9 17 f9 14 f9 14 f9 13 f9 15 f9 16 f9 16 f9 14 f9 15 f9 18 f9 16 f9 11 f9 11 f9 14 f9 
16 f9 12 f9 14 f9 13 f9 18 f9 17 f9 15 f9 11 f9 14 f9 13 f9 12 f9 12 f9 15 f9 16 f9 16 f9 13 f9 
13 f9 13 f9 16 f9 13 f9 0f f9 11 f9 16 f9 14 f9 10 f9 0e f9 11 f9 18 f9 13 f9 0f f9 12 f9 14 f9 
1a f9 15 f9 10 f9 0e f9 13 f9 17 f9 16 f9 0f f9 12 f9 16 f9 16 f9 11 f9 0f f9 13 f9 1a f9 17 f9 
0f f9 0c f9 14 f9 1a f9 16 f9 13 f9 14 f9 16 f9 1b f9 12 f9 16 f9 13 f9 19 f9 14 f9 14 f9 0e f9 
14 f9 15 f9 16 f9 0d f9 12 f9 14 f9 16 f9 10 f9 12 f9 16 f9 16 f9 13 f9 0f f9 10 f9 16 f9 18 f9 
14 f9 0d f9 12 f9 15 f9 16 f9 11 f9 0f f9 11 f9 18 f9 11 f9 11 f9 14 f9 16 f9 15 f9 12 f9 0f f9 
0f f9 14 f9 17 f9 15 f9 15 f9 13 f9 14 f9 0f f9 14 f9 0f f9 12 f9 11 f9 11 f9 14 f9 11 f9 13 f9 
14 f9 14 f9 1a f9 14 f9 0e f9 0e f9 18 f9 14 f9 17 f9 10 f9 11 f9 14 f9 18 f9 14 f9 13 f9 11 f9 
14 f9 16 f9 14 f9 11 f9 14 f9 14 f9 15 f9 10 f9 11 f9 11 f9 14 f9 14 f9 14 f9 10 f9 18 f9 12 f9 
10 f9 11 f9 18 f9 15 f9 11 f9 0c f9 16 f9 19 f9 18 f9 12 f9 11 f9 15 f9 18 f9 15 f9 13 f9 14 f9 
14 f9 14 f9 13 f9 11 f9 13 f9 15 f9 13 f9 14 f9 16 f9 13 f9 16 f9 0d f9 10 f9 10 f9 17 f9 14 f9 
11 f9 12 f9 16 f9 15 f9 13 f9 0f f9 0f f9 14 f9 14 f9 13 f9 15 f9 0f f9 18 f9 15 f9 14 f9 16 f9 
16 f9 14 f9 15 f9 11 f9 14 f9 14 f9 19 f9 13 f9 13 f9 16 f9 16 f9 13 f9 11 f9 14 f9 16 f9 12 f9 
0f f9 0f f9 14 f9 14 f9 13 f9 16 f9 14 f9 12 f9 13 f9 13 f9 12 f9 16 f9 1c f9 13 f9 0d f9 12 f9 
17 f9 19 f9 15 f9 11 f9 13 f9 16 f9 14 f9 11 f9 12 f9 15 f9 16 f9 10 f9 12 f9 0e f9 16 f9 13 f9 
14 f9 11 f9 11 f9 11 f9 16 f9 13 f9 14 f9 14 f9 15 f9 11 f9 13 f9 12 f9 16 f9 14 f9 14 f9 10 f9 
14 f9 12 f9 12 f9 12 f9 17 f9 12 f9 12 f9 0e f9 13 f9 14 f9 11 f9 11 f9 15 f9 13 f9 13 f9 10 f9 
14 f9 16 f9 18 f9 14 f9 15 f9 12 f9 14 f9 15 f9 18 f9 13 f9 16 f9 11 f9 16 f9 15 f9 16 f9 16 f9 
13 f9 15 f9 16 f9 14 f9 16 f9 14 f9 16 f9 14 f9 16 f9 13 f9 14 f9 16 f9 10 92 5a 68 41 8d a3 5f 
04 13 c0 1f 20 78 1d 02 00 00 00 00 00 00 03 2a 44 01 00 00 00 00 1d 5a 10 e0 00 06 41 1b a3 b6 
00 1d 5a 11 00 c8 00 c8 40 04 00 10 00 00 00 00 14 f9 10 f9 16 f9 0d f9 16 f9 0d f9 0b f9 12 f9 
16 f9 10 f9 0d f9 12 f9 14 f9 11 f9 0f f9 12 f9 14 f9 14 f9 0c f9 12 f9 0c f9 13 f9 12 f9 14 f9 
0c f9 11 f9 11 f9 14 f9 12 f9 0f f9 10 f9 12 f9 10 f9 0f f9 10 f9 12 f9 12 f9 12 f9 10 f9 12 f9 
13 f9 14 f9 11 f9 12 f9 11 f9 12 f9 0e f9 11 f9 10 f9 14 f9 10 f9 0f f9 12 f9 13 f9 10 f9 12 f9 
0b f9 13 f9 14 f9 12 f9 0d f9 0d f9 10 f9 15 f9 12 f9 14 f9 0e f9 14 f9 13 f9 11 f9 10 f9 13 f9 
12 f9 17 f9 0e f9 0e f9 12 f9 12 f9 0f f9 11 f9 12 f9 0f f9 15 f9 12 f9 10 f9 0c f9 0f f9 0f f9 
0f f9 12 f9 0d f9 12 f9 12 f9 12 f9 10 f9 12 f9 10 f9 14 f9 10 f9 14 f9 0f f9 0f f9 0e f9 13 f9 
13 f9 10 f9 0e f9 12 f9 10 f9 16 f9 0e f9 0c f9 0e f9 16 f9 10 f9 0e f9 0c f9 13 f9 12 f9 15 f9 
0c f9 10 f9 0e f9 1a f9 11 f9 10 f9 0e f9 15 f9 10 f9 0f f9 0d f9 11 f9 12 f9 0d f9 0f f9 11 f9 
12 f9 10 f9 0c f9 0e f9 14 f9 11 f9 0e f9 11 f9 13 f9 14 f9 0d f9 0d f9 10 f9 15 f9 12 f9 11 f9 
0c f9 10 f9 10 f9 0c f9 09 f9 0f f9 17 f9 15 f9 0a f9 0d f9 10 f9 16 f9 13 f9 0c f9 0e f9 14 f9 
16 f9 11 f9 0a f9 12 f9 16 f9 0f f9 0a f9 0f f9 10 f9 19 f9 0e f9 0e f9 0f f9 13 f9 0e f9 12 f9 
11 f9 0f f9 0d f9 10 f9 0f f9 13 f9 10 f9 11 f9 0f f9 10 f9 12 f9 13 f9 10 f9 11 f9 12 f9 12 f9 
0f f9 12 f9 10 f9 16 f9 0f f9 10 f9 0e f9 11 f9 0f f9 13 f9 0e f9 10 f9 14 f9 14 f9 0f f9 0e f9 
0f f9 11 f9 0c f9 12 f9 0c f9 11 f9 11 f9 10 f9 10 f9 11 f9 0e f9 12 f9 12 f9 10 f9 0e f9 14 f9 
11 f9 12 f9 0d f9 13 f9 11 f9 11 f9 11 f9 13 f9 0c f9 13 f9 12 f9 12 f9 0e f9 11 f9 0e f9 15 f9 
12 f9 14 f9 11 f9 14 f9 0f f9 10 f9 11 f9 14 f9 0c f9 11 f9 0d f9 0f f9 10 f9 12 f9 11 f9 0c f9 
10 f9 0f f9 0e f9 12 f9 11 f9 14 f9 0e f9 0f f9 11 f9 12 f9 10 f9 11 f9 13 f9 11 f9 0e f9 10 f9 
0f f9 11 f9 0c f9 11 f9 10 f9 12 f9 12 f9 11 f9 0d f9 0c f9 10 f9 12 f9 10 f9 12 f9 0e f9 14 f9 
0d f9 0e f9 0f f9 11 f9 10 f9 0f f9 10 f9 12 f9 14 f9 12 f9 0d f9 0f f9 12 f9 19 f9 10 f9 11 f9 
0d f9 0f f9 11 f9 12 f9 0f f9 11 f9 12 f9 19 f9 14 f9 0c f9 0c f9 16 f9 18 f9 10 f9 0a f9 13 f9 
16 f9 17 f9 0b f9 0c f9 11 f9 18 f9 13 f9 0e f9 0d f9 16 f9 16 f9 12 f9 0b f9 10 f9 12 f9 16 f9 
0d f9 0c f9 0f f9 16 f9 0f f9 0e f9 0b f9 13 f9 14 f9 12 f9 08 f9 10 f9 10 f9 12 f9 13 f9 12 f9 
0e f9 12 f9 11 f9 14 f9 12 f9 11 f9 0d f9 12 f9 11 f9 14 f9 13 f9 10 f9 12 f9 17 f9 14 f9 13 f9 
08 f9 10 f9 14 f9 14 f9 0b f9 0b f9 0b f9 16 f9 12 f9 0c f9 0c f9 14 f9 12 f9 11 f9 0c f9 0c f9 
12 f9 17 f9 0f f9 0d f9 0d f9 15 f9 14 f9 12 f9 0a f9 0f f9 11 f9 16 f9 10 f9 0c f9 0f f9 15 f9 
12 f9 13 f9 0c f9 15 f9 12 f9 11 f9 14 f9 12 f9 0f f9 11 f9 10 f9 12 f9 0e f9 0f f9 0f f9 13 f9 
13 f9 13 f9 0b f9 0f f9 0e f9 13 f9 10 f9 11 f9 0d f9 14 f9 0f f9 0f f9 12 f9 14 f9 10 f9 0e f9 
10 f9 14 f9 0e f9 14 f9 0c f9 10 f9 16 f9 17 f9 0e f9 10 f9 0f f9 15 f9 12 f9 13 f9 0c f9 16 f9 
12 f9 10 f9 0b f9 0f f9 10 f9 14 f9 10 f9 11 f9 10 f9 13 f9 10 f9 11 f9 0f f9 12 f9 10 f9 10 f9 
0c f9 16 f9 0e f9 13 f9 0f f9 12 f9 14 f9 17 f9 0e f9 13 f9 12 f9 15 f9 13 f9 0e f9 0e f9 16 f9 
14 f9 15 f9 0c f9 0e f9 11 f9 14 f9 0c f9 0c f9 12 f9 14 f9 10 f9 11 f9 0c f9 15 f9 10 f9 0f f9 
0f f9 10 f9 14 f9 0f f9 0f f9 10 f9 10 f9 14 f9 11 f9 0e f9 12 f9 13 f9 10 f9 12 f9 10 f9 13 f9 
10 f9 10 f9 0b f9 12 f9 14 f9 12 f9 0d f9 0e f9 12 f9 11 f9 0f f9 10 f9 0e f9 17 f9 14 f9 11 f9 
09 f9 12 f9 14 f9 13 f9 0c f9 0c f9 11 f9 15 f9 12 f9 0e f9 0a f9 13 f9 11 f9 10 f9 0b f9 13 f9 
12 f9 12 f9 10 f9 0f f9 14 f9 14 f9 0f f9 0d f9 11 f9 14 f9 11 f9 11 f9 11 f9 16 f9 11 f9 0e f9 
0d f9 17 f9 13 f9 11 f9 08 f9 0c f9 14 f9 15 f9 0c f9 0c f9 0f f9 16 f9 13 f9 0c f9 08 f9 12 f9 
16 f9 16 f9 0b f9 0d f9 12 f9 16 f9 0f f9 0f f9 0f f9 10 f9 12 f9 0e f9 0f f9 11 f9 16 f9 14 f9 
0c f9 10 f9 0e f9 14 f9 11 f9 11 f9 0d f9 13 f9 14 f9 13 f9 0f f9 0f f9 0f f9 12 f9 10 f9 0f f9 
0d f9 12 f9 12 f9 11 f9 0f f9 0b f9 0c f9 16 f9 14 f9 11 f9 0d f9 0e f9 12 f9 15 f9 0f f9 0d f9 
10 f9 10 f9 11 f9 12 f9 0a f9 0d f9 14 f9 15 f9 0f f9 0e f9 10 f9 13 f9 10 f9 12 f9 0e f9 14 f9 
14 f9 15 f9 10 f9 10 f9 0f f9 13 f9 0d f9 0f f9 0a f9 13 f9 11 f9 14 f9 0c f9 0e f9 12 f9 15 f9 
14 f9 11 f9 0e f9 16 f9 10 f9 0f f9 0b f9 11 f9 0f f9 14 f9 12 f9 12 f9 0f f9 14 f9 12 f9 11 f9 
0e f9 10 f9 11 f9 15 f9 10 f9 0e f9 0e f9 11 f9 0e f9 12 f9 10 f9 10 f9 0f f9 12 f9 10 f9 11 f9 
12 f9 12 f9 0f f9 11 f9 0c f9 13 f9 12 f9 11 f9 10 f9 11 f9 10 f9 12 f9 0f f9 0c f9 0e f9 0f f9 
0f f9 0f f9 11 f9 12 f9 0b f9 0f f9 0d f9 13 f9 0b f9 11 f9 0f f9 14 f9 11 f9 0c f9 0b f9 18 f9 
12 f9 14 f9 0e f9 11 f9 11 f9 12 f9 0d f9 0e f9 13 f9 14 f9 10 f9 0f f9 0b f9 10 f9 11 f9 12 f9 
0d f9 11 f9 0e f9 14 f9 10 f9 13 f9 0f f9 11 f9 0e f9 0f f9 0c f9 14 f9 13 f9 11 f9 0d f9 11 f9 
0e f9 14 f9 0e f9 10 f9 0e f9 11 f9 10 f9 10 f9 10 f9 11 f9 10 f9 0f f9 0d f9 0f f9 0e f9 0e f9 
0f f9 11 f9 12 f9 10 f9 0c f9 14 f9 11 f9 13 f9 0f f9 10 f9 0e f9 15 f9 11 f9 11 f9 10 f9 10 f9 
0f f9 14 f9 0f f9 10 f9 0c f9 15 f9 11 f9 12 f9 10 f9 10 f9 0e f9 11 f9 11 f9 12 f9 11 f9 11 f9 
14 f9 14 f9 10 f9 10 f9 10 f9 11 f9 0f f9 11 f9 0c f9 13 f9 12 f9 10 f9 0c f9 0f f9 11 f9 13 f9 
0b f9 0e f9 0e f9 10 f9 12 f9 12 f9 0f f9 0c f9 0e f9 10 f9 11 f9 0d f9 0f f9 0e f9 0b f9 12 f9 
0f f9 12 f9 0f f9 12 f9 0e f9 14 f9 0b f9 11 f9 0f f9 14 f9 0f f9 0f f9 0f f9 16 f9 10 f9 0d f9 
0f f9 13 f9 10 f9 11 f9 10 f9 0f f9 12 f9 10 f9 12 f9 0d f9 0f f9 10 f9 0f f9 10 f9 0e f9 12 f9 
13 f9 15 f9 0c f9 0e f9 0c f9 14 f9 0f f9 14 f9 0c f9 12 f9 0f f9 15 f9 0c f9 0e f9 0c f9 12 f9 
12 f9 11 f9 0d f9 13 f9 10 f9 0f f9 0e f9 12 f9 0f f9 13 f9 0f f9 11 f9 0f f9 12 f9 0b f9 11 f9 
14 f9 14 f9 0b f9 12 f9 10 f9 12 f9 11 f9 11 f9 0d f9 15 f9 10 f9 11 f9 10 f9 16 f9 10 f9 15 f9 
10 f9 11 f9 0f f9 11 f9 0e f9 10 f9 12 f9 12 f9 0f f9 14 f9 0f f9 11 f9 11 f9 12 f9 0b f9 10 f9 
12 f9 11 f9 13 f9 11 f9 0f f9 12 f9 12 f9 0f f9 0e f9 0e f9 10 f9 11 f9 0c f9 0e f9 13 f9 14 f9 
0d f9 0e f9 0e f9 13 f9 0d f9 0e f9 0d f9 11 f9 15 f9 0f f9 0b f9 10 f9 10 f9 12 f9 0e f9 0d f9 
10 f9 13 f9 10 f9 14 f9 0e f9 10 f9 12 f9 10 f9 0b f9 0f f9 0d f9 10 f9 12 f9 13 f9 11 f9 10 f9 
0f f9 12 f9 0f f9 12 f9 0e f9 11 f9 10 f9 14 f9 0f f9 0f f9 0b f9 14 f9 0e f9 10 f9 0e f9 16 f9 
16 f9 11 f9 0b f9 11 f9 12 f9 15 f9 0c f9 0e f9 0d f9 15 f9 12 f9 10 f9 0c f9 12 f9 1a f9 13 f9 
0b f9 0b f9 12 f9 19 f9 12 f9 0b f9 0b f9 14 f9 16 f9 10 f9 0a f9 0f f9 15 f9 15 f9 10 f9 0f f9 
0f f9 16 f9 11 f9 0f f9 0e f9 0e f9 10 f9 15 f9 0b f9 0f f9 12 f9 13 f9 11 f9 11 f9 0c f9 10 f9 
0d f9 13 f9 11 f9 11 f9 12 f9 10 f9 12 f9 12 f9 0d f9 0c f9 0e f9 14 f9 12 f9 10 f9 0c f9 13 f9 
15 f9 11 f9 0a f9 10 f9 12 f9 18 f9 0b f9 0d f9 10 f9 13 f9 14 f9 12 f9 0b f9 12 f9 14 f9 15 f9 
0f f9 0f f9 0b f9 14 f9 11 f9 10 f9 0d f9 11 f9 12 f9 14 f9 0b f9 10 f9 11 f9 12 f9 11 f9 0b f9 
0b f9 15 f9 13 f9 11 f9 08 f9 0d f9 14 f9 11 f9 0f f9 0f f9 13 f9 16 f9 14 f9 0c f9 0c f9 14 f9 
11 f9 12 f9 0e f9 11 f9 0f f9 11 f9 0f f9 12 f9 0e f9 0f f9 0c f9 16 f9 13 f9 12 f9 0c f9 0c f9 
12 f9 18 f9 0c f9 0c f9 0b f9 12 f9 10 f9 12 f9 07 f9 12 f9 13 f9 14 f9 0b f9 0b f9 10 f9 14 f9 
10 f9 0e f9 0f f9 14 f9 12 f9 0f f9 0e f9 12 f9 0e f9 13 f9 0c f9 0c f9 0f f9 13 f9 10 f9 0f f9 
11 f9 14 f9 10 f9 11 f9 0b f9 12 f9 0f f9 11 f9 0c f9 14 f9 11 f9 10 f9 12 f9 10 f9 14 f9 15 f9 
0a f9 0c f9 0e f9 15 f9 12 f9 10 f9 0b f9 12 f9 15 f9 13 f9 0b f9 0b f9 12 f9 19 f9 13 f9 0c f9 
0b f9 14 f9 12 f9 15 f9 0b f9 0d f9 0f f9 16 f9 0e f9 0e f9 0f f9 0e f9 14 f9 13 f9 0c f9 0d f9 
12 f9 13 f9 0d f9 14 f9 10 f9 10 f9 0f f9 0e f9 0f f9 12 f9 0f f9 11 f9 0c f9 11 f9 10 f9 11 f9 
10 f9 10 f9 12 f9 12 f9 0a f9 11 f9 11 f9 12 f9 10 f9 14 f9 0f f9 14 f9 0f f9 0c f9 0e f9 15 f9 
12 f9 12 f9 0d f9 12 f9 12 f9 11 f9 0e f9 0f f9 0d f9 0f f9 14 f9 16 f9 12 f9 12 f9 0e f9 11 f9 
0f f9 14 f9 0e f9 12 f9 0a f9 14 f9 13 f9 10 f9 0a f9 12 f9 10 f9 16 f9 12 f9 10 f9 0e f9 14 f9 
12 f9 0e f9 0d f9 0f f9 0d f9 12 f9 10 f9 0f f9 0e f9 10 f9 0e f9 12 f9 11 f9 12 f9 11 f9 0f f9 
12 f9 12 f9 0b f9 0f f9 0e f9 10 f9 10 f9 0e f9 0d f9 16 f9 12 f9 11 f9 0e f9 0f f9 11 f9 12 f9 
0b f9 10 f9 0e f9 13 f9 10 f9 0e f9 0e f9 11 f9 12 f9 11 f9 0c f9 0c f9 0e f9 12 f9 0e f9 0f f9 
0d f9 10 f9 0e f9 11 f9 10 f9 12 f9 0c f9 10 f9 0f f9 12 f9 0f f9 12 f9 10 f9 11 f9 12 f9 15 f9 
0b f9 14 f9 10 f9 12 f9 10 f9 0f f9 11 f9 14 f9 16 f9 11 f9 0c f9 0d f9 14 f9 12 f9 0c f9 0d f9 
11 f9 14 f9 13 f9 0d f9 09 f9 12 f9 11 f9 12 f9 0e f9 0d f9 14 f9 16 f9 12 f9 0f f9 0f f9 16 f9 
16 f9 12 f9 0c f9 12 f9 12 f9 14 f9 0e f9 0e f9 0f f9 13 f9 11 f9 14 f9 0d f9 0f f9 12 f9 10 f9 
12 f9 14 f9 0e f9 11 f9 0e f9 13 f9 13 f9 11 f9 0f f9 10 f9 12 f9 10 f9 10 f9 0f f9 11 f9 12 f9 
0b f9 0c f9 0f f9 15 f9 0f f9 0f f9 0e f9 12 f9 11 f9 11 f9 0c f9 11 f9 12 f9 14 f9 0d f9 11 f9 
10 f9 14 f9 10 f9 0c f9 0e f9 16 f9 14 f9 0e f9 0b f9 11 f9 16 f9 14 f9 10 f9 0f f9 12 f9 15 f9 
0f f9 0e f9 0b f9 12 f9 10 f9 13 f9 0f f9 13 f9 0f f9 14 f9 0f f9 10 f9 10 f9 11 f9 0e f9 11 f9 
12 f9 12 f9 0b f9 10 f9 0e f9 15 f9 12 f9 10 f9 0b f9 11 f9 14 f9 10 f9 0e f9 0f f9 11 f9 15 f9 
11 f9 0e f9 0f f9 11 f9 11 f9 12 f9 0a f9 12 f9 13 f9 0c f9 0e f9 12 f9 0e f9 11 f9 0f f9 12 f9 
0e f9 16 f9 12 f9 11 f9 0b f9 10 f9 0c f9 14 f9 0c f9 0f f9 0e f9 14 f9 0f f9 11 f9 0f f9 10 f9 
0f f9 12 f9 0f f9 12 f9 12 f9 12 f9 0e f9 14 f9 11 f9 14 f9 0f f9 12 f9 10 f9 13 f9 12 f9 0f f9 
10 f9 11 f9 0f f9 12 f9 10 f9 18 f9 12 f9 10 f9 0d f9 11 f9 0c f9 11 f9 0c f9 0f f9 11 f9 12 f9 
10 f9 0d f9 0c f9 15 f9 11 f9 0e f9 10 f9 15 f9 0f f9 14 f9 0f f9 0f f9 12 f9 14 f9 10 f9 10 f9 
12 f9 0f f9 0d f9 12 f9 0f f9 15 f9 12 f9 11 f9 0d f9 12 f9 0e f9 11 f9 0e f9 10 f9 13 f9 12 f9 
10 f9 0e f9 0d f9 10 f9 14 f9 12 f9 10 f9 12 f9 0f f9 11 f9 12 f9 11 f9 11 f9 0f f9 0c f9 0f f9 
0f f9 11 f9 0d f9 12 f9 12 f9 11 f9 0d f9 12 f9 10 f9 11 f9 0c f9 0e f9 11 f9 14 f9 0f f9 11 f9 
0e f9 13 f9 11 f9 0c f9 0d f9 14 f9 10 f9 12 f9 10 f8 5a 17 41 d2 a3 6c 04 04 00 00 20 0f 1d 4b 
00 00 00 00 00 00 03 2a 23 0f fe d3 b6 00 07 f7 
